captcha,city,contact,contact_url,emails,final_url,form,name,phone,reasons,score,status,trade,website,years_in_business
,Henderson,Will Wolven,,,,,Tile Ram Las Vegas,,,,no site found,,,
,Henderson,Debbie Hottensen,,,,,Tiger Lily Floral,,,,no site found,,,
,Henderson,Tawni Nguyen,,,,,Evergreen Construction,,,,no site found,,,
,Henderson,Alex Outwater,,,,,Prism Specialty Restoration of Greater Las Vegas,,,,no site found,,,
,Henderson,Yessica Romero,,,,,YES to Safety,,,,no site found,,,
,Henderson,Atousa Ghaneian,,,,,Healthy Kids Care at Sunrise,,,,no site found,,,
,Henderson,Skip Sanchez,,,,,SRS Home Inspections,,,,no site found,,,
,Henderson,Johnathon Bascones,,,,,Bar Electric LLC,,,,no site found,,,
,Henderson,Diego Hernandez,,,,,Sloan Canyon Dental Care,,,,no site found,,,
,Henderson,Nicholas Vaughan,,,,,Nicholas Vaughan,,,,no site found,,,
,Henderson,Michael Moore,,,,,Window Hero Las Vegas,,,,no site found,,,
,Henderson,Koko Darakjian,,,,,Krikor Koko Darakjian,,,,no site found,,,
,Henderson,Tracey Lee,,,,,Smiley Dental Allen Lee DMD LTD,,,,no site found,,,
,Henderson,Julie Bauman,,,,,"Bauman Financial Group, LLC",,,,no site found,,,
,Henderson,Charles Moore,,,,,Custom Technology Consultant,,,,no site found,,,
,Henderson,Nathan Anderson,,,,,Griffin Fluid Management,,,,no site found,,,
,Henderson,Roberto Wong,,,,,Atomic Technology Solutions,,,,no site found,,,
,Henderson,Liz Bigelow,,,,,MD Hyperbaric Henderson,,,,no site found,,,
,Henderson,Coby Sherlock,,,,,Nashville Comes Home Live,,,,no site found,,,
,Henderson,Helen Willis,,,,,Swan Advisory Group,,,,no site found,,,
,Henderson,Casey Juliano,,,,,A3,,,,no site found,,,
,Henderson,Frank Cantor,,,,,Cantor's Driving School,,,,no site found,,,
,Henderson,David Kang,https://www.skyzone.com/contact/,media@skyzone.com,https://www.skyzone.com/,yes,Skyzone Henderson,,,0,ok,,https://skyzone.com,
,Henderson,Todd Bull,,,,,quality first restoration llc,,,,no site found,,,
,Henderson,Mathew Cota-Aceves,,,,,Top Tech Air Conditioning and Heating Services,,,,no site found,,,
,Henderson,Karla Earp,,,,,AGR Las Vegas,,,,no site found,,,
,Henderson,Alis Blanton-Brown,,,,,"Official Advocates Consulting, LLC",,,,no site found,,,
,Henderson,Dianna McCormack,,,,,Mc4 Construction,,,,no site found,,,
,Henderson,Andres Santiago,,,,,No Fees LLC,,,,no site found,,,
,Henderson,Chrissy DiCarlo,,,,,Angel Face Preschool & Childcare,,,,no site found,,,
,Henderson,Ian Engle,,,,,Discover Nimbus Media LLC_NV,,,,no site found,,,
,Henderson,Valerie Escobedo,,,,,Floors by Aldaba LLC,,,,no site found,,,
,Henderson,TREVOR ISAKSON,,,,,Trevor Cameron Designs,,,,no site found,,,
,Henderson,Shaun Walti,,,,,VividScale Advisors,,,,no site found,,,
,Henderson,Julie Butler,,,,,"Clean Living Pool and Spa, LLC",,,,no site found,,,
,Henderson,Troy Watts,,,,,Nevada Treasury,,,,no site found,,,
,Henderson,Muhammed Hussain,https://www.popupbagels.com/#contact-us,,https://www.popupbagels.com/,,PopUp Bagel,,,0,ok,,https://popupbagels.com,
,Henderson,Haley Navarro,,,,,The Fast Fire Watch Company,,,,no site found,,,
,Henderson,Arianna Empey,,,,,Inspirada Pediatrics,,,,no site found,,,
,Henderson,Patricia Yin,,,,,TLS Civil and Survey,,,,no site found,,,
,Henderson,Junis Mcdaniels,,,,,Game Changerz Barber Academy,,,,no site found,,,
,Henderson,Josey Lesmeister,,,,,Cobalt Media Marketing,,,,no site found,,,
,Henderson,Jennifer Lorenz,,,,,Superior Benefits LLC,,,,no site found,,,
,Henderson,Bradley Howard,,,,,Fantasy Claw Arcade Franchise LLC,,,,no site found,,,
,Henderson,Barbara McCrimmon,,,,,"McCrimmon, LTD",,,,no site found,,,
,Henderson,Jennifer Goudie,,,,,Mojave Electric,,,,no site found,,,
,Henderson,Ace Fair,,,,,Fair Solutions Inc. Representing Legal Shield,,,,no site found,,,
,Henderson,Jeff Doan,,,,,Industrial Concrete Inc,,,,no site found,,,
yes,Henderson,Brian Taylor,https://www.packsize.com/about/contact-us,info.de@packsize.com info.esp@packsize.com info.fr@packsize.com,https://www.packsize.com/,yes,Packsize,,,0,ok,,https://packsize.com,
,Henderson,Guy Ohana,,,,,Terra Nova Construction,,,,no site found,,,
,Henderson,Kyle Tingle,,,,,Kyle L Tingle Tax and Bookkeeping LLC,,,,no site found,,,
,Henderson,Andrew Roth,,,,,Las Vegas Apothecary,,,,no site found,,,
,Henderson,Joseph Albanese,https://aromacafeinthorp.com/contact/,,https://aromacafeinthorp.com,,Aroma Cafe,,,0,ok,,https://aromacafeinthorp.com,
,Henderson,Matt Fritz,,,,,Nevada National Security Sites,,,,no site found,,,
,Henderson,Sandra Cardozo,,,,,Heligenics Inc,,,,no site found,,,
,Henderson,Allen Li,,,,,"Summitz Footwear, Inc.",,,,no site found,,,
,Henderson,Jose Torres,,,,,IBEW Local Union 357,,,,no site found,,,
,Henderson,Pamela Serdoz,,,,,Innovative Network Solutions,,,,no site found,,,
,Henderson,Earl Seitz,,,,,Western & Southern Financial Group,,,,no site found,,,
,Henderson,Valerie Khaytina,,,,,Albert Einstein Nevada dba Kesher Academy,,,,no site found,,,
,Henderson,Jimmy Cheung,,,,,Magma Holding Inc.,,,,no site found,,,
,Henderson,Joe Sosa Jr.,,,,,Bosch,,,,no site found,,,
,Henderson,Hernan Quiros,,,,,GWP Immigration Law,,,,no site found,,,
,Henderson,Ash Zare,,,,,CAE,,,,no site found,,,
,Henderson,Terrance Clark,,,,,InsureOne Insurance Services,,,,no site found,,,
,Henderson,Chris Meranto,,,,,Quadra Commercial,,,,no site found,,,
,Henderson,Madie Jackson,,,,,Quick Quack Car Wash - Horizon Ridge,,,,no site found,,,
,Henderson,Destination WeWork,,,,,Destination Fabulous,,,,no site found,,,
,Henderson,Emily Boyce,,,,,"Emily Boyce PhD, RN, NI-BC, NE-BC, CNE",,,,no site found,,,
,Henderson,JB White,,,,,"Johnathan R White DDS, LLC / Aesthetic Dentistry",,,,no site found,,,
,Henderson,Christine Sanders,,,,,Restore and Build Construction,,,,no site found,,,
,Henderson,Joseph Costello,,,,,CRPM,,,,no site found,,,
,Henderson,Tiana Lopez,,,,,Market Vegas,,site down (HTTPError),5,dead,,https://marketwatch.com,
,Henderson,Andrew Lynam,,,,,WIN HOME INSPECTION,,,,no site found,,,
,Henderson,Lisa Cardenas,,,,,Cardenas Law Group,,,,no site found,,,
,Henderson,Nicole Aguilar,,,,,Houston TX Hot Chicken,,,,no site found,,,
,Henderson,Michelle Matsumura,,,,,Affinity Tax & Consulting LLC,,,,no site found,,,
,Henderson,Cason Kirkpatrick,,,,,Club Champion,,,,no site found,,,
,Henderson,Cal Henrie,,,,,CSL Services LLC DBA Ridtechs,,,,no site found,,,
,Henderson,Karen Siegel,,,,,Darko Promotional Products Inc.,,,,no site found,,,
,Henderson,Bachir Kassir,,,,,"NetUAI, Inc.",,,,no site found,,,
,Henderson,Sanjay Kandoth,,,,,Sanjay Kandoth MD PC,,,,no site found,,,
,Henderson,Doug Newton,,,,,WestPac Wealth Partners,,,,no site found,,,
,Henderson,Jenni Guerrica,,,,,Trust Vector Cyber Security Solutions,,,,no site found,,,
,Henderson,Chris Nevada,,,,,Chris Nevada - Nevada Real Estate Group - LPT Realty,,,,no site found,,,
,Henderson,Virginia Knudsen,,,,,BOAR,,,,no site found,,,
,Henderson,Anne Valdez,,,,,Optic Gallery Horizon Ridge LLC,,,,no site found,,,
,Henderson,Kelly Gordon,,,,,Screenmobile SM40 NV Inc,,,,no site found,,,
,Henderson,Christine Zinn,,,,,The Speech School,,,,no site found,,,
,Henderson,Mike Constante,,,,,Preventative Maintenance Industries LP,,,,no site found,,,
,Henderson,Jeremy Green,,,,,BMS Moving & Storage,,,,no site found,,,
,Henderson,Mark Milazzo,,,,,New York Life - Henderson Financial Professionals,,,,no site found,,,
,Henderson,Sean Turner,,,,,United Lithium Solutions LLC,,,,no site found,,,
,Henderson,Cassie Catania-Hsu,,,,,CBRE,,,,no site found,,,
,Henderson,Rosanne Mizell,,,,,Chip Shots,,,,no site found,,,
,Henderson,Kayla Morrow,,,,,Henderson Sport & Social,,,,no site found,,,
,Henderson,Robert Cottle,,,,,The Cottle Firm,,,,no site found,,,
,Henderson,Veronica Kelly,,,,,Veritiv Corporation,,,,no site found,,,
,Henderson,Michael Morales,,,,,Albright Stoddard Warnick & Albright,,,,no site found,,,
,Henderson,Donna Israelson,,,,,Donna's Shop,,,,no site found,,,
,Henderson,Teri Brenkus,,,,,"The Brenkus Team - The Marketplace, Keller WIlliams Realty",,,,no site found,,,
yes,Henderson,Rob Abercrombie,https://www.hayniecpas.com/contact/,,https://www.hayniecpas.com/,yes,Haynie & Company,,,0,ok,,https://hayniecpas.com,
,Henderson,Vladimir Kjurchiev,,,,,MONIKO,,,,no site found,,,
,Henderson,Sarah Bryant,,,,,Rick's Mobile Detailing,,,,no site found,,,
,Henderson,John Bacuetes,,,,,Volt n' Vent,,,,no site found,,,
,Henderson,Anthony Cox,,,,,Summer Time Pools LLC,,,,no site found,,,
,Henderson,Paul Roach,,,,,Service Station Compliance Testing LLC.,,,,no site found,,,
,Henderson,Jill Sotelo,,,,,Nevada Pain Care,,,,no site found,,,
,Henderson,Edward Bravo,,,,,Polar Tint Henderson,,,,no site found,,,
,Henderson,Christopher Cosenza,,,,,Tutor Perini Building Corp,,,,no site found,,,
,Henderson,Julie Wu,,,,,Julie Wu Inc. dba Humanity Health Center,,,,no site found,,,
,Henderson,Dakota Miller,,,,,AMR & MedicWest Ambulance,,,,no site found,,,
,Henderson,Derek Herbert,,,,,Egan Management Productions LLC,,,,no site found,,,
,Henderson,Courtney Linscomb,,,,,"Precision Electric, Inc.",,,,no site found,,,
,Henderson,William Franzi,,,,,Sustain Vegas,,,,no site found,,,
,Henderson,Shelly Rogers,,,,,Nevada Insurance Enrollment,,,,no site found,,,
,Henderson,Brenda Brants,,,,,"Protech Theatrical Services, Inc",,,,no site found,,,
,Henderson,Mario Escobedo,,,,,"The Escobedo Team, LLC DBA Sienna Mortgage",,,,no site found,,,
,Henderson,Pavan Bhargava,,,,,PB Management LLC,,,,no site found,,,
,Henderson,Earlene Penniston-John,,,,,Peaceful Minds Psychiatric Services,,,,no site found,,,
,Henderson,Melissa Kenyon,,,,,Reset Behavior,,,,no site found,,,
,Henderson,Julie Reitz,,,,,Senior Helpers of Henderson,,,,no site found,,,
,Henderson,Claudine Fishman,,,,,"Worldwide Custom Decorators, Inc.",,,,no site found,,,
,Henderson,Rachel Lillis,,,,,FOCUS MENTAL HEALTH SOLUTIONS,,,,no site found,,,
,Henderson,Sean Norton,,,,,Norton Consulting & Investigations,,,,no site found,,,
,Henderson,Andrew Ewing,,,,,Roncelli Carbon Systems,,,,no site found,,,
,Henderson,Robin Hasty,,,,,"Garber, Kaplan, Douds, PLLC dba Las Vegas Neurosurgical",,,,no site found,,,
,Henderson,Craig Huck,,,,,Integrita Systems LLC,,,,no site found,,,
,Henderson,Kohsiu Ku,,,,,Smile Haven Family Dentistry,,,,no site found,,,
,Henderson,Jade McMillan,,,,,"Airnetic, LLC",,,,no site found,,,
,Henderson,Franisha Hayes,,,,,Franisha Hayes Consulting,,,,no site found,,,
,Henderson,Andrea Blue,,,,,Tempo Ventures,,,,no site found,,,
,Henderson,Kevin Ward,,,,,Dustland Architecture + Interiors,,,,no site found,,,
,Henderson,Jason Thomson,,,,,Freelancing LLC,,,,no site found,,,
,Henderson,Ann-Marie Mooney,,,,,MDAdmin,,,,no site found,,,
,Henderson,Amir Nicknam,,,,,A. Nicknam PC,,,,no site found,,,
,Henderson,Kacie Mayne,,,,,Bright Panda LLC,,,,no site found,,,
,Henderson,Ryan Morales,,,,,Snow Cones In Paradise LLC,,,,no site found,,,
,Henderson,Elizabeth Abdur-Raheem,,,,,Nevada Coalition to End Domestic and Sexual Violence,,,,no site found,,,
,Henderson,Chuck Baringer,,,,,"Summit Construction of Nevada, Inc.",,,,no site found,,,
,Henderson,Ram K. Singh,,,,,Advanced Heart and Vascular Specialists,,,,no site found,,,
