trade,city,name,phone,years_in_business,website,final_url,status,score,reasons,emails,contact_url,form,captcha
sign shops,Henderson,Fastsigns,(702) 251-7446,,http://www.fastsigns.com/506-henderson-nv,,dead,5,site down (HTTPError),,,,
sign shops,Henderson,Nevada Sign,(702) 895-6817,,http://www.nevadasign.com/contact-us.html,,dead,5,site down (URLError),,,,
sign shops,Henderson,Hiniker Custom Signs & Printing,(702) 454-7446,,http://hinikersigns.com,,dead,5,site down (URLError),,,,
sign shops,Henderson,Diamond Sign Company Inc.,(702) 888-3660,,http://www.diamondsigncompany.com,,dead,5,site down (URLError),,,,
sign shops,Henderson,High Impact Sign & Design,(702) 736-7446,,http://highimpactsign.com,,dead,5,site down (URLError),,,,
sign shops,Henderson,Signarama,(702) 880-8160,,http://www.signaramma.com,,dead,5,site down (HTTPError),,,,
sign shops,Henderson,"Predator Signs & Graphics, LLC",(702) 823-3550,,http://www.predatorsigns.com,,dead,5,site down (URLError),,,,
sign shops,Las Vegas,Sunset Design Studio,(888) 873-6986,,http://www.sunsetdesignstudio.com,,dead,5,site down (HTTPError),,,,
sign shops,Las Vegas,Ace Sign Installations,(702) 597-1911,,https://acesigninstallations.com,,dead,5,site down (URLError),,,,
sign shops,Las Vegas,Paul's Neon Signs,(702) 388-7446,,https://twitter.com/paulsneonsigns,,dead,5,site down (HTTPError),,,,
printing services,Henderson,PostNet,(702) 898-2430,,http://www.postnet.com/nv101,,dead,5,site down (HTTPError),,,,
printing services,Henderson,Light Knights of Las Vegas Nevada,(702) 496-3414,,http://www.mylightknight.com,,dead,5,site down (HTTPError),,,,
printing services,Henderson,Aim High Marketing & Apparel,(702) 260-7322,,http://aimhighmarketingsolutions.com,,dead,5,site down (HTTPError),,,,
printing services,Henderson,Workflow One,(702) 566-0768,,http://www.workflowone.com,,dead,5,site down (URLError),,,,
printing services,Henderson,All Sport Printing and Graphics,(702) 639-9663,,http://www.allsportprinting.com,,dead,5,site down (URLError),,,,
printing services,Henderson,Cheep Cheep Postcards - Direct Mail Advertising,(888) 222-4337,,http://www.cheep-cheep.com/index.html,,dead,5,site down (HTTPError),,,,
printing services,Las Vegas,Web Squad,(702) 450-5500,,http://www.thewebsquad.com,,dead,5,site down (HTTPError),,,,
printing services,Las Vegas,"PIP Marketing, Signs, Print",(702) 818-8710,,http://pip.com,,dead,5,site down (HTTPError),,,,
printing services,Las Vegas,Printing Of Vegas,(702) 530-4013,,http://printingofvegas.com,,dead,5,site down (URLError),,,,
printing services,Las Vegas,JW Media Las Vegas,(702) 405-7777,,https://www.jwmediastore.com,,dead,5,site down (TimeoutError),,,,
printing services,Las Vegas,Las Vegas Color Printing,(702) 605-0285,,https://lasvegascolorprinting.com/contact-us,,dead,5,site down (HTTPError),,,,
bookkeeping,Henderson,Madison Financial Group LLC,(702) 919-4787,,https://www.madisonfinancialgroup.com,,dead,5,site down (URLError),,,,
bookkeeping,Henderson,Cooper and Associates Inc,(702) 719-1560,,http://www.coopertaxservice.com/contact-1,,dead,5,site down (URLError),,,,
bookkeeping,Henderson,Terri Tracey Bookkeeping Service,(702) 979-9888,,http://bkkpng.com,https://bkkpng.com,ok,5,not mobile-friendly (no viewport); placeholder/parked,terri@bkkpng.com tlt06385@yahoo.com,https://bkkpng.com/contactus.html,yes,
bookkeeping,Las Vegas,Cloud Virtual Bookkeeping,(702) 982-0053,,http://www.cloudvirtualbookkeeping.com,,dead,5,site down (URLError),,,,
bookkeeping,Las Vegas,Lapochkin Tax and Company,(702) 769-7697,,http://lapochkintax.com,,dead,5,site down (URLError),,,,
bookkeeping,Las Vegas,Jb & Associates,(702) 800-2927,,http://jbaccountants.com,,dead,5,site down (URLError),,,,
bookkeeping,Las Vegas,Plus Four Inc,(702) 898-1033,,http://www.manta.com/c/mb86y0s/plus-four-inc,,dead,5,site down (HTTPError),,,,
bookkeeping,Las Vegas,Keating & Associates,(702) 982-0053,,http://www.keatingmanagement.com,,dead,5,site down (URLError),,,,
bookkeeping,Las Vegas,Schalk and Associates,(702) 413-8251,,http://www.schalkandassociates.com,,dead,5,site down (URLError),,,,
bookkeeping,Las Vegas,Evans & Associates,(702) 699-7333,,http://www.schalkllc.com,,dead,5,site down (URLError),,,,
bookkeeping,Las Vegas,My Remote Bookkeeping LLC,(702) 561-7198,,http://www.myremotebookkeeping.com,,dead,5,site down (URLError),,,,
bookkeeping,Las Vegas,3 Clicks Bookkeeping,(702) 462-2764,,https://3clicksbookkeeping.com,,dead,5,site down (URLError),,,,
bookkeeping,Las Vegas,Corporate Capital Inc,(855) 371-0070,,https://www.corporatecapitalinc.com,,dead,5,site down (HTTPError),,,,
accountants,Henderson,Vegas Tax Accountant,(702) 507-1888,,http://www.vegastaxaccountant.com,,dead,5,site down (URLError),,,,
accountants,Henderson,Certified Accountants In Las Vegas,(702) 508-3636,,http://accountants.inlasvegasnevadalocal.com,,dead,5,site down (URLError),,,,
accountants,Henderson,Accountants International,(702) 734-1110,,http://www.accountantsintl.com,,dead,5,site down (URLError),,,,
accountants,Henderson,Las Vegas Accountant McCarthy Kaster,(702) 588-7064,,https://www.mkgcpas.com/about/client-reviews,,dead,5,site down (HTTPError),,,,
accountants,Henderson,Capital Accountants Inc,(702) 255-3222,,https://www.cai-cpa.com/contact,,dead,5,site down (HTTPError),,,,
accountants,Henderson,Anderson  Bradshaw Tax Consultants,(844) 446-9432,,http://www.andersonbradshawtax.com,,dead,5,site down (URLError),,,,
business formation,Henderson,Compliance Science,(702) 565-3050,,http://compliancescience.com,,dead,5,site down (URLError),,,,
business formation,Henderson,Payless Enterprises,(702) 530-2810,,http://www.driveforlessnv.com,,dead,5,site down (URLError),,,,
business formation,Henderson,Expansion Specialties,(702) 564-8081,,http://expansionspecialties.com,,dead,5,site down (URLError),,,,
business formation,Las Vegas,CDESMarketing LLC,(877) 630-2192,,http://www.cdesmarketing.com,,dead,5,site down (URLError),,,,
business formation,Las Vegas,Harris Consulting Engineers,(702) 269-1575,,http://hcepc.com,,dead,5,site down (URLError),,,,
business formation,Las Vegas,Lucky Exhibits,(702) 382-6684,,http://www.luckyexhibits.com,,dead,5,site down (URLError),,,,
business formation,Las Vegas,Score Inc,(702) 380-7861,,https://www.score.org/northeastindiana/resource/eguide/score-northeast-indiana-local-resources-templates-tools,,dead,5,site down (HTTPError),,,,
business formation,Las Vegas,Pinnacle Entertainment,(702) 784-7777,,https://www.pngaming.com,,dead,5,site down (URLError),,,,
registered agents,Henderson,"Donnie Castleman, Enrolled Agent",(702) 743-2277,,http://donniecastleman.com,,dead,5,site down (URLError),,,,
registered agents,Henderson,Henderson Real Estate Agent Buzz Buserini,(702) 900-2899,,http://www.soldbybuzz.com,,dead,5,site down (HTTPError),,,,
registered agents,Henderson,Agent Pest Control,(702) 336-0545,,http://www.agentpestcontrol.com,,dead,5,site down (URLError),,,,
registered agents,Henderson,Dino DeGregorio - State Farm Insurance Agent,(702) 982-0696,,https://www.statefarm.com/agent/us/nv/henderson/dino-degregorio-k0whw7ghfge,,dead,5,site down (HTTPError),,,,
registered agents,Henderson,Loan Signing Agent / Notary Public,(702) 538-2060,,http://notarydepot.com/notary/ppaas1…,,dead,5,site down (UnicodeEncodeError),,,,
registered agents,Henderson,Allstate Insurance Agent: Robert Guisewhite,(702) 852-6590,,https://agents.allstate.com/robert-guisewhite-henderson-nv.html?utm_source=GMB&utm_medium=Website,,dead,5,site down (HTTPError),,,,
registered agents,Henderson,Linda Fergason- Wardley Real Estate Agent,(702) 622-3333,,http://www.wardleyre.com/hendersonoffice,,dead,5,site down (HTTPError),,,,
insurance agents,Henderson,Amy Sharp - COUNTRY Financial representative,(702) 566-1035,,https://representatives.countryfinancial.com/amy.sharp,,dead,5,site down (HTTPError),,,,
insurance agents,Henderson,Frank Arbizu - COUNTRY Financial Representative,(702) 269-7026,,https://www.countryfinancial.com/?cid=dis-yp-2016-yp-all-prspct-na-web-cf-na,,dead,5,site down (HTTPError),,,,
insurance agents,Henderson,Discount Car Insurance | Lowered Rates of Henderson,(702) 508-7819,,https://www.loweredrates.com/car-insurance-henderson-nv,,dead,5,site down (URLError),,,,
insurance agents,Henderson,Nationwide Insurance,(702) 430-8172,,http://agency.nationwide.com/wyatt-sines-in-henderson-nv,,dead,5,site down (HTTPError),,,,
insurance agents,Las Vegas,Western Risk Insurance,(855) 207-0527,,http://www.westernrisk.com,,dead,5,site down (URLError),,,,
insurance agents,Las Vegas,Insurance Specialists,(702) 307-3398,,http://www.freequotesandlowinsurancerates.com,,dead,5,site down (URLError),,,,
insurance agents,Las Vegas,Michael Idehara  - Farmers Insurance District Manager,(702) 685-0484,,http://www.farmersagent.com,,dead,5,site down (URLError),,,,
insurance agents,Las Vegas,Mercury Insurance - Advance Ins & Benefits Nv Inc,(702) 254-6141,,http://www.insurancejeanne.com,,dead,5,site down (URLError),,,,
commercial real estate,Henderson,Vegas Valley Commercial,(702) 456-6449,,http://www.realestatelasvegas.org,,dead,5,site down (URLError),,,,
commercial real estate,Henderson,La Vie Residences,(702) 998-2212,,https://www.livingatlavie.com/henderson/la-vie-apartments/guest-card/contact-us/1,,dead,5,site down (HTTPError),,,,
commercial real estate,Henderson,Foothills Montessori School,(702) 407-0790,,https://www.foothillsmontessori.com,,dead,5,site down (HTTPError),,,,
commercial real estate,Henderson,Coldwell Banker,(702) 458-7070,,http://www.lasvegashomes.com,,dead,5,site down (HTTPError),,,,
commercial real estate,Las Vegas,Albright Callister & Assoc. Commercial Real Estate,(702) 732-1000,,http://www.albrightcallister.com,,dead,5,site down (URLError),,,,
commercial real estate,Las Vegas,Bhhs Nevada Properties,(702) 876-2700,,http://berkshirehathaway.com,,dead,5,site down (HTTPError),,,,
commercial real estate,Las Vegas,Charles R Devorak Real Estate,(702) 596-2337,,http://remax.com,,dead,5,site down (HTTPError),,,,
commercial real estate,Las Vegas,Omni Investment Properties,(702) 941-1800,,http://vegashomebuyers.net,,dead,5,site down (URLError),,,,
commercial real estate,Las Vegas,Goodsitt Commercial Group,(702) 269-6655,,http://goodsittgroup.com,,dead,5,site down (URLError),,,,
marketing consultants,Henderson,NGATA Marketing Agency,(725) 227-6273,,https://ngatamarketingagency.com/home-9062,,dead,5,site down (URLError),,,,
marketing consultants,Henderson,Matrix Marketing Service,(702) 487-4001,,https://www.marketingwithmatrix.com/index.php/contact-us,,dead,5,site down (HTTPError),,,,
marketing consultants,Henderson,Aginda,(702) 964-7884,,https://aginda.com,,dead,5,site down (URLError),,,,
marketing consultants,Henderson,Visual Marketing Source,(702) 834-6969,,http://www.visuallasvegas.com,,dead,5,site down (URLError),,,,
marketing consultants,Henderson,Start Earning.Today,(866) 835-0722,,http://www.startearning.today,,dead,5,site down (TimeoutError),,,,
marketing consultants,Henderson,AdBrilliant,,,http://www.adbrilliant.com,,dead,5,site down (URLError),,,,
marketing consultants,Las Vegas,Prestige Marketing Inc,(702) 749-3209,,http://prestigemilasvegas.com,,dead,5,site down (URLError),,,,
marketing consultants,Las Vegas,The Moxie Agency,(833) 456-6943,,http://www.themoxie.agency,,dead,5,site down (URLError),,,,
marketing consultants,Las Vegas,SearchAdvisor,(877) 819-7654,,http://www.searchadvisor.org,,dead,5,site down (URLError),,,,
marketing consultants,Las Vegas,A.C.E. Consulting LLC,(702) 704-5398,,http://aceconsultingllc.co,,dead,5,site down (URLError),,,,
marketing consultants,Las Vegas,BulletPoint Consulting,(800) 208-1439,,http://bulletpointservices.com,,dead,5,site down (URLError),,,,
marketing consultants,Las Vegas,Fresh Marketing Solution,(866) 750-5013,,https://www.thefreshmarketingsolution.com,,dead,5,site down (URLError),,,,
marketing consultants,Las Vegas,Forefront Media Marketing,(414) 559-9326,,http://www.forefrontmediamarketing.com,,dead,5,site down (URLError),,,,
marketing consultants,Las Vegas,Digital Minds Marketing Agency,(702) 576-4163,,https://www.digitalmindslv.com,,dead,5,site down (HTTPError),,,,
business coaches,Henderson,CM2 Consultants Corp,(702) 489-7947,,http://cm2consultants.com,,dead,5,site down (URLError),,,,
business coaches,Las Vegas,Office Ducks,(702) 302-1227,,http://www.officeducks.net,,dead,5,site down (URLError),,,,
business coaches,Las Vegas,Crossing the Goal Partners,(702) 209-1726,,https://crossingthegoalpartners.com/contact,,dead,5,site down (HTTPError),,,,
business coaches,Las Vegas,Blue Fields,(725) 234-0850,,https://www.bluefieldsventures.com/contact,,dead,5,site down (URLError),,,,
business coaches,Las Vegas,Benchmark Consulting Service,(702) 221-9384,,https://www.jsheld.com/about-us/directory/julio-sabates,,dead,5,site down (HTTPError),,,,
business coaches,Las Vegas,Sandvox,(602) 854-3494,,https://sandvox.io/contact,,dead,5,site down (URLError),,,,
business coaches,Las Vegas,Fenton Industries,(800) 378-1557,,http://fentonindustriesonline.com,,dead,5,site down (URLError),,,,
business coaches,Las Vegas,Professional Business Solutions LLC,(702) 998-5115,,https://pbstaxlv.com/contact,,dead,5,site down (URLError),,,,
photographers,Henderson,Smith's Pharmacy,(702) 565-6466,,https://www.smithsfoodanddrug.com/rx/pharmacy/details/706/00381?cid=loc_70600381P_other,,dead,5,site down (HTTPError),,,,
photographers,Henderson,1 Hr Photo Shack,(702) 798-7373,,http://psprolab.com,,dead,5,site down (URLError),,,,
photographers,Henderson,Rite Aid,(702) 458-7336,,http://gnc.com,,dead,5,site down (HTTPError),,,,
photographers,Henderson,Iphotoshop,(702) 685-8889,,https://nmediadigitalmarketing.com,,dead,5,site down (HTTPError),,,,
photographers,Henderson,Image Photo,(702) 643-7898,,http://imagephoto.com,,dead,5,site down (URLError),,,,
sign shops,Las Vegas,Ikon Group,(702) 900-3889,,https://www.ikonsigns.com,https://www.ikonsigns.com,ok,4,copyright 2020; built with Wix.com Website Builder,ikonsignsolutions@gmail.com sales@ikonsigns.com,https://www.ikonsigns.com/contact-us,yes,yes
printing services,Henderson,Inhouse Printing,(702) 767-0993,,http://www.inhouseprintinglv.com,https://www.inhouseprintinglv.com,ok,4,not mobile-friendly (no viewport); tables/flash layout,,,,
sign shops,Las Vegas,Signmasters,(702) 456-5177,,http://www.signmasterslv.com,https://www.signmasterslv.com,ok,3,not mobile-friendly (no viewport),,,,yes
printing services,Henderson,Digital Insight Printing,(702) 792-3396,,http://digitalinsightprinting.com,https://digitalinsightprinting.com,ok,3,not mobile-friendly (no viewport),,,,yes
printing services,Henderson,The UPS Store,(702) 896-4000,,https://locations.theupsstore.com/4017,https://locations.theupsstore.com/nv/henderson/1450-w-horizon-ridge-pkwy-b-304,ok,3,copyright 1994,store4017@theupsstore.com,,,
printing services,Las Vegas,"Sting Alarm, Inc.",(702) 737-8464,,https://stingalarm.com,https://stingalarm.com,ok,3,copyright 2003,info@stingalarm.com,https://stingalarm.com/contact-sting/,,
printing services,Las Vegas,Impress By Print,(702) 233-3173,,http://www.impressbyprint.com/privacy-policy,https://www.impressbyprint.com/privacy-policy,ok,3,not mobile-friendly (no viewport),,,,yes
bookkeeping,Henderson,Maximum Reimbursement,(702) 566-5343,,http://www.maximumreimbursement.com,https://culnhist.com/brightage-hanbaiten/,ok,3,not mobile-friendly (no viewport),,https://culnhist.com/brightage-hanbaiten/,yes,
bookkeeping,Henderson,Choice Bookkeeping Inc,(702) 372-0027,,https://www.choicebookkeepinglv.com,https://www.choicebookkeepinglv.com,ok,3,copyright 2008,judy@choicebookkeepinglv.com,https://choicebookkeepinglv.com/contact-us/,,yes
accountants,Las Vegas,Check City,(702) 560-4984,,https://www.checkcitytaxes.com,https://www.checkcity.com/tax-services,ok,3,copyright 2004,info@checkcity.com,https://www.checkcity.com/contact,,
business formation,Henderson,Business Solutions & Services LLC,(702) 847-7414,,http://yourbizsolutionsllc.com,https://yourbizsolutionsllc.com,ok,3,not mobile-friendly (no viewport),,,,yes
business formation,Las Vegas,Cloud 9,(702) 818-8768,,http://cloudehill.com.au/seasons-restaurant.html,https://cloudehill.com.au/seasons-restaurant.html,ok,3,not mobile-friendly (no viewport),,,,
registered agents,Henderson,Dino DeGregorio - State Farm Insurance Agent,(702) 982-0696,,http://www.insuremedino.com,https://www.insuremedino.com,ok,3,copyright 2006,,,,
registered agents,Henderson,Liza Faress - State Farm Insurance Agent,(702) 832-2183,,https://www.lizanvinsurance.com,https://www.lizanvinsurance.com,ok,3,copyright 2006,,,,
registered agents,Las Vegas,Jody Evans - State Farm Insurance Agent,(702) 251-9760,,https://www.jodyrevans.com,https://www.jodyrevans.com,ok,3,copyright 2006,,,,
registered agents,Las Vegas,Carlos Munoz - State Farm Insurance Agent,(702) 876-5082,,https://www.didyouplan.com,https://www.didyouplan.com,ok,3,copyright 2006,,,,
registered agents,Las Vegas,Shalyani Alberto - State Farm Insurance Agent,(702) 546-6000,,https://www.shalyanialberto.com,https://www.shalyinsurance.com/,ok,3,copyright 2006,,,,
registered agents,Las Vegas,Andrew Pizzi Olivera - State Farm Insurance Agent,(702) 830-4997,,https://www.andrewpizzi.com,https://www.andrewpizzi.com,ok,3,copyright 2006,,https://www.andrewpizzi.com,yes,
commercial real estate,Henderson,Sansone Development Corp,(702) 914-9500,,http://www.sansonecompanies.com,https://www.sansonecompanies.com,ok,3,not mobile-friendly (no viewport),,,,yes
marketing consultants,Henderson,Rymax Marketing Services,(702) 579-9993,,https://rymaxinc.com,https://rymaxinc.com,ok,3,not mobile-friendly (no viewport),,,,yes
marketing consultants,Las Vegas,Allegiant Digital Marketing,(702) 978-7771,,https://allegiantdigital.com/las-vegas,https://allegiantdigital.com/las-vegas,ok,3,not mobile-friendly (no viewport),,,,yes
business coaches,Henderson,Asset Business Appraisal,(702) 259-7711,,https://abusinessappraisal.com,https://abusinessappraisal.com,ok,3,not mobile-friendly (no viewport),,,,yes
photographers,Henderson,One Hour Photo,(702) 352-2008,,https://www.costco.com,https://www.costco.com,ok,3,copyright 1998,,,,
sign shops,Henderson,PostNet,(702) 369-5596,,https://locations.postnet.com/nv/henderson/35-e-horizon-ridge-pkwy,https://locations.postnet.com/nv/henderson/35-e-horizon-ridge-pkwy,ok,2,copyright 2019,nv180@postnet.com,,,
sign shops,Las Vegas,All American Signs & Graphics Inc.,(702) 936-1019,,http://www.aasignsandgraphics.com,http://aasignsandgraphics.com/,ok,2,no https (Not Secure); tables/flash layout,info@aasignsandgraphics.com,http://aasignsandgraphics.com/contact.php,,
printing services,Las Vegas,HikePrint,(866) 668-7415,,http://www.hikeprint.com,https://hikeprint.com/,ok,2,copyright 2021,info@hikeprint.com support@hikeprint.com,https://hikeprint.com/contact-us/,yes,yes
printing services,Las Vegas,The Wrap Factory,(702) 817-5102,,http://thewrapfactorylv.com,https://www.printworxlasvegas.com/,ok,2,built with Wix.com Website Builder,,,,yes
insurance agents,Henderson,Craddolph Insurance Group,(702) 616-6689,,https://www.craddolphins.com,https://www.craddolphins.com,ok,2,placeholder/parked,info@craddolphins.com,https://www.craddolphins.com/contact.aspx,yes,yes
insurance agents,Henderson,Bo Hash Insurance Agency DBA High Desert Insurance,(702) 558-8587,,http://bohashinsurance.com,https://bohashinsurance.com,ok,2,copyright 2021,,https://bohashinsurance.com/contact-us/,yes,yes
commercial real estate,Las Vegas,Desert Vision Realty,(702) 258-6721,,http://desertvisionrealty.com,https://www.desertvisionrealty.com/,ok,2,built with Wix.com Website Builder,,,,yes
marketing consultants,Las Vegas,FIG Firm | Brand Consultants,(800) 834-4946,,http://www.figfirm.com,https://www.finesseintelligencegroup.com/,ok,2,built with Wix.com Website Builder,hello@finesseintelligencegroup.com,,,yes
business formation,Las Vegas,CMIT Solutions Las Vegas,(702) 725-2877,,https://cmitsolutions.com/lasvegas-nv-1206,https://cmitsolutions.com/lasvegas-nv-1206/,ok,1,tables/flash layout,adam.lopez@cmitsolutions.com lvsales@cmitsolutions.com lvsupport@cmitsolutions.com,https://cmitsolutions.com/lasvegas-nv-1206/,yes,
insurance agents,Las Vegas,Benefits House LLC,(702) 827-4575,,https://www.benefits-house.com,https://www.benefits-house.com,ok,1,tables/flash layout,,https://www.benefits-house.com/contact.html,,yes
photographers,Henderson,U.S. Bank,(702) 614-0142,,https://www.usbank.com/locations/nevada/las-vegas/9750-s-maryland-pkwy-bank-atm/?utm_source=milestone&utm_medium=organic&utm_campaign=milestone_listing,https://www.usbank.com/locations/nevada/las-vegas/9750-s-maryland-pkwy-bank-atm/?utm_source=milestone&utm_medium=organic&utm_campaign=milestone_listing,ok,1,tables/flash layout,portaldotcom@usbank.com,,,
sign shops,Henderson,Proffiti Signs & Graphics,(702) 564-8087,,http://www.proffiti.com,https://proffiti.com/,ok,0,,signman706@yahoo.com,https://proffiti.com/contact-us/,,
sign shops,Henderson,Ad Images Inc,(702) 837-3300,,http://adimagesinc8135296.localsearch.com,https://adimagesinc8135296.localsearch.com,ok,0,,,,,
sign shops,Henderson,Next Generation Signs,(702) 220-7446,,http://nextgenerationsigns463636519.localsearch.com,https://nextgenerationsigns463636519.localsearch.com,ok,0,,,,,
sign shops,Henderson,Ara Signs Inc,(702) 644-7446,,http://arasignsinc.localsearch.com,https://arasignsinc.localsearch.com,ok,0,,,,,
sign shops,Henderson,A 1st Impression Full Service Sign Shop,(702) 220-7446,,https://afivegas.com,https://www.afivegas.com/,ok,0,,sales@afivegas.com,https://www.afivegas.com/contact,,
sign shops,Henderson,Team Acme Inc.,(702) 566-8326,,http://www.teamacme.com,https://www.teamacme.com,ok,0,,,,,
sign shops,Henderson,Wright Ventures,(702) 263-1025,,http://wrightventures.net,https://wrightventures.net,ok,0,,info@wrightventures.net,https://wrightventures.net/contact/,yes,
sign shops,Henderson,Alliance Landscaping,(702) 263-3385,,http://alliancelandscapingnv.localsearch.com,https://alliancelandscapingnv.localsearch.com,ok,0,,,,,
sign shops,Henderson,Biz Xpress,(702) 259-2499,,http://bizxpress538212460.localsearch.com,https://bizxpress538212460.localsearch.com,ok,0,,,,,
sign shops,Henderson,U Name It Arts,(702) 897-7717,,http://unameitarts.localsearch.com,https://unameitarts.localsearch.com,ok,0,,,,,
sign shops,Henderson,Graphic Attack Inc,(702) 361-6980,,http://graphicattackinc.localsearch.com,https://graphicattackinc.localsearch.com,ok,0,,,,,
sign shops,Henderson,Signs & Lettering Design Svc,(702) 953-1450,,http://signsletteringdesignsvc.localsearch.com,https://signsletteringdesignsvc.localsearch.com,ok,0,,,,,
sign shops,Henderson,FedEx Office Print & Ship Center,(702) 680-2413,,https://local.fedex.com/en-us/nv/henderson/office-2481,https://local.fedex.com/en-us/nv/henderson/office-2481,ok,0,,printandgo@fedex.com usa2481@fedex.com,,,
sign shops,Henderson,Polar Tint - Henderson NV,(702) 665-6009,,https://henderson.polartint.com,https://henderson.polartint.com,ok,0,,info@henderson.polartint.com,,,
sign shops,Henderson,Staples Travel Services,(702) 564-2014,,https://stores.staples.com/nv/henderson-(green-valley)/675-s-green-valley-parkway/travel-services,https://stores.staples.com/nv/henderson-(green-valley)/675-s-green-valley-parkway/travel-services,ok,0,,,,,
sign shops,Henderson,ABC Sign & Embroidery Company,(702) 901-9833,,http://abcsignembroiderycompany.localsearch.com,https://abcsignembroiderycompany.localsearch.com,ok,0,,,,,
sign shops,Las Vegas,JBA Signs & Graphics,(702) 860-5312,,http://jbasignsgraphics.localsearch.com,https://jbasignsgraphics.localsearch.com,ok,0,,,,,
sign shops,Las Vegas,"UniQue Signs USA, Inc",(702) 795-7446,,http://uniquesignsusainc.localsearch.com,https://uniquesignsusainc.localsearch.com,ok,0,,,,,
sign shops,Las Vegas,Signarama,(702) 257-7446,,http://signarama5691029.localsearch.com,https://signarama5691029.localsearch.com,ok,0,,,,,
sign shops,Las Vegas,Citrus Plastics Sign,(702) 364-8388,,http://citrusplasticssign.localsearch.com,https://citrusplasticssign.localsearch.com,ok,0,,,,,
sign shops,Las Vegas,Signs Now,(702) 733-8822,,http://signsnownv.localsearch.com,https://signsnownv.localsearch.com,ok,0,,,,,
sign shops,Las Vegas,Xtreme Desert Graphics,(702) 834-5791,,http://xtremedesertgraphics.localsearch.com,https://xtremedesertgraphics.localsearch.com,ok,0,,,,,
sign shops,Las Vegas,Eyefi,(702) 685-8404,,http://eyefi1732366.localsearch.com,https://eyefi1732366.localsearch.com,ok,0,,,,,
sign shops,Las Vegas,Sign Solutions,(702) 395-2033,,http://signsolutionsnv.localsearch.com,https://signsolutionsnv.localsearch.com,ok,0,,,,,
sign shops,Las Vegas,Montroy Supply Co,(702) 362-6002,,https://www.montroy.com/com,https://www.montroy.com/com/,ok,0,,equipmentsales@montroy.com,https://lp.constantcontactpages.com/ev/reg/ehj8dwv,,
sign shops,Las Vegas,Signs Xpress,(702) 257-2183,,http://signsxpress.localsearch.com,https://signsxpress.localsearch.com,ok,0,,,,,
sign shops,Las Vegas,Luminart Corp,(702) 645-5867,,http://luminartcorp.localsearch.com,https://luminartcorp.localsearch.com,ok,0,,,,,
sign shops,Las Vegas,NVsigns,(702) 808-1832,,http://nvsigns.localsearch.com,https://nvsigns.localsearch.com,ok,0,,,,,
sign shops,Las Vegas,Sign Lab of Las Vegas,(702) 396-3203,,http://signlaboflasvegasnv.localsearch.com,https://signlaboflasvegasnv.localsearch.com,ok,0,,,,,
sign shops,Las Vegas,L V Diversity Signs,(702) 300-9926,,http://lvdiversitysignshop.com,https://lvdiversitysignshop.com,ok,0,,orders@lvdiversitysignshop.com,https://lvdiversitysignshop.com/contact-us/,yes,yes
sign shops,Las Vegas,Unique Signs USA,(702) 795-7446,,https://uniquesigns.com,https://uniquesigns.com,ok,0,,sales@uniquesigns.com,,,
sign shops,Las Vegas,Great Signs,(702) 776-6595,,http://greatsignsnv.localsearch.com,https://greatsignsnv.localsearch.com,ok,0,,,,,
sign shops,Las Vegas,Signslingerz,(424) 262-9679,,http://signslingerz.localsearch.com,https://signslingerz.localsearch.com,ok,0,,,,,
sign shops,Las Vegas,Mirror Signs Co,(702) 444-0057,,http://mirrorsignsco.localsearch.com,https://mirrorsignsco.localsearch.com,ok,0,,,,,
sign shops,Las Vegas,Signs of Hope,(702) 385-2153,,https://sohlv.org,https://sohlv.org,ok,0,,community@sohlv.org,https://sohlv.org,yes,
sign shops,Las Vegas,Vegas Signs Inc,(702) 620-3100,,http://vegassignsinc.localsearch.com,https://vegassignsinc.localsearch.com,ok,0,,,,,
printing services,Henderson,Minuteman Press,(702) 638-8383,,http://www.henderson.intlminutepress.com,https://minuteman.com/us/locations/nv/henderson/,ok,0,,,https://minuteman.com/contact-us,yes,yes
printing services,Henderson,Art of Wore,(702) 485-1973,,http://artofworenv.localsearch.com,https://artofworenv.localsearch.com,ok,0,,,,,
printing services,Henderson,Custom It Now LLC,(818) 306-5051,,http://customitnowllc.localsearch.com,https://customitnowllc.localsearch.com,ok,0,,,,,
printing services,Henderson,PromoSuperCenter.com,(800) 309-4046,,http://www.promosupercenter.com,https://www.promosupercenter.com,ok,0,,sales@promosupercenter.com,https://www.promosupercenter.com/contact.htm,,
printing services,Henderson,Etiquettesystems Inc.,(702) 568-7453,,http://etiquettesystemsincnv.localsearch.com,https://etiquettesystemsincnv.localsearch.com,ok,0,,,,,
printing services,Henderson,Office Depot,(702) 433-0442,,http://www.officedepot.com,https://www.officedepot.com,ok,0,,,,,yes
printing services,Henderson,Print Plus More Advertising,(702) 877-7100,,http://www.printplusmore.com,https://printplusmore.com/,ok,0,,,https://printplusmore.com/contact/,yes,yes
printing services,Henderson,Abbott's Custom Printing,(702) 456-8099,,http://www.abbottscp.com,https://americanmarketing.us/,ok,0,,travis@americanmarketing.us,https://americanmarketing.us/contact-us,yes,yes
printing services,Henderson,Business Service Center,(702) 476-3285,,http://businessservicecenternv.localsearch.com,https://businessservicecenternv.localsearch.com,ok,0,,,,,
printing services,Henderson,PostNet - Printing & Copy Services,(702) 433-1275,,http://postnetprintingcopyservicesnv.localsearch.com,https://postnetprintingcopyservicesnv.localsearch.com,ok,0,,,,,
printing services,Henderson,colordrop,(702) 881-1850,,http://colordrop.localsearch.com,https://colordrop.localsearch.com,ok,0,,,,,
printing services,Henderson,MDC Kurprint,(702) 359-0732,,http://www.kurprint.com,https://moedikah.com/password,ok,0,,,,,yes
printing services,Henderson,Staples,(702) 558-0319,,http://staples20810603.localsearch.com,https://staples20810603.localsearch.com,ok,0,,,,,
printing services,Henderson,ImageMakerGraphics,(775) 629-4951,,http://www.imagemakergraphics.com,https://bibleverser.com/,ok,0,,,https://bibleverser.com/contact,,
printing services,Las Vegas,R&T Services,(702) 645-2313,,http://www.rtlv.com,https://www.rtlv.com,ok,0,,,https://www.rtlv.com/contact,yes,yes
printing services,Las Vegas,Passkey Systems,(702) 798-7999,,http://passkeysystemsnv.localsearch.com,https://passkeysystemsnv.localsearch.com,ok,0,,,,,
printing services,Las Vegas,PDQ Printing,(702) 876-3235,,http://www.pdqvegas.com,https://www.pdqvegas.com,ok,0,,,https://www.pdqvegas.com#contact,,
printing services,Las Vegas,Color Reflections,(702) 262-9300,,http://crvegas.com,https://www.mossinc.com/fusion-imaging/,ok,0,,moss@mossinc.com,https://www.mossinc.com/contact,,yes
printing services,Las Vegas,Package Plus Printing,(702) 870-5870,,http://www.packageplusprinting.com,https://packageplusprinting.com/,ok,0,,,https://packageplusprinting.com/,yes,yes
printing services,Las Vegas,AA Printing Service,(702) 527-7474,,http://aaprintingservice.localsearch.com,https://aaprintingservice.localsearch.com,ok,0,,,,,
printing services,Las Vegas,Southwest Printers,(702) 367-2544,,http://southwestprintersnv.localsearch.com,https://southwestprintersnv.localsearch.com,ok,0,,,,,
printing services,Las Vegas,Monarch Print and Signs,(775) 239-5566,,http://monarchprintandsigns.localsearch.com,https://monarchprintandsigns.localsearch.com,ok,0,,,,,
printing services,Las Vegas,GEM Printing Las Vegas,(702) 871-3850,,http://gemprintinglasvegas.localsearch.com,https://gemprintinglasvegas.localsearch.com,ok,0,,,,,
printing services,Las Vegas,Minuteman Press,(702) 451-0028,,https://minuteman.com/us/locations/nv/las-vegas20,https://minuteman.com/us/locations/nv/las-vegas20/,ok,0,,,https://minuteman.com/contact-us,yes,yes
printing services,Las Vegas,Leading Edge Business Services,(702) 530-7414,,http://www.lebs.tech,https://vegasimprint.myshopify.com/,ok,0,,,https://vegasimprint.myshopify.com/pages/contact,yes,yes
printing services,Las Vegas,A+ Printing & Design,(725) 204-9373,,https://aplusprintingdesign.com,https://aplusprintingdesign.com,ok,0,,aplusprintinglvw@gmail.com,https://aplusprintingdesign.com/contact/,yes,yes
printing services,Las Vegas,knock out GFX,(702) 998-1588,,http://knockoutgfx.localsearch.com,https://knockoutgfx.localsearch.com,ok,0,,,,,
printing services,Las Vegas,SpeedPro Gold Studio,(702) 680-2555,,https://www.speedpro.com/gold-studio-nv,https://www.speedpro.com/find-a-studio/,ok,0,,,,,yes
printing services,Las Vegas,Nevada Art Printers,(702) 337-1623,,http://www.nevadaartprinters.com,https://www.nevadaartprinters.com,ok,0,,mail@nevadaartprinters.com,https://www.nevadaartprinters.com/contacts/,yes,yes
printing services,Las Vegas,Premier Printer Services,(800) 836-9287,,http://www.premierprinterservices.com,https://expireddomains.com/domain/premierprinterservices.com?utm_source=redi,ok,0,,,,,
bookkeeping,Henderson,Las Vegas Bookkeeping & Tax,(702) 813-0011,,http://www.lasvegasbookkeeping.net,https://www.mancouae.com/,ok,0,,,https://www.mancouae.com/contact,,
bookkeeping,Henderson,"CBAS, LLC",(702) 399-2420,,http://cbasllc.localsearch.com,https://cbasllc.localsearch.com,ok,0,,,,,
bookkeeping,Henderson,Quick Bookkeeping & Tax Prep,(702) 765-0555,,http://quickbookkeepingservices.localsearch.com,https://quickbookkeepingservices.localsearch.com,ok,0,,,,,
bookkeeping,Henderson,Ken R Ashworth & Associates,(702) 893-9500,,http://www.ashworthlaw.com,https://www.ashworthlaw.com,ok,0,,,https://www.ashworthlaw.com/contact/,yes,
bookkeeping,Henderson,Paramount Tax & Accounting - Henderson / Boulder City,(702) 757-2080,,https://paramount.tax/henderson,https://paramount.tax/henderson,ok,0,,,https://paramount.tax/henderson/contact,yes,yes
bookkeeping,Henderson,Garrett Cooper Associates,(702) 564-1652,,http://garrettcooperassociatesnv.localsearch.com,https://garrettcooperassociatesnv.localsearch.com,ok,0,,,,,
bookkeeping,Henderson,Just Ask Mary,(702) 221-2236,,http://justaskmary.localsearch.com,https://justaskmary.localsearch.com,ok,0,,,,,
bookkeeping,Henderson,KGR Bookkeeping,(702) 558-5042,,http://kgrbookkeeping.localsearch.com,https://kgrbookkeeping.localsearch.com,ok,0,,,,,
bookkeeping,Henderson,Gigi's Tax Service,(574) 307-4444,,http://gigistaxservice.localsearch.com,https://gigistaxservice.localsearch.com,ok,0,,,,,
bookkeeping,Henderson,All Business Bookkeeping Service,(702) 454-0086,,http://allbusinessbookkeepingservice.localsearch.com,https://allbusinessbookkeepingservice.localsearch.com,ok,0,,,,,
bookkeeping,Henderson,Accepted Payments Inc,(702) 749-9694,,http://acceptedpaymentsincnv.localsearch.com,https://acceptedpaymentsincnv.localsearch.com,ok,0,,,,,
bookkeeping,Henderson,BZ Global Tax Accounting,(702) 480-4341,,http://bzglobaltaxaccounting.localsearch.com,https://bzglobaltaxaccounting.localsearch.com,ok,0,,,,,
bookkeeping,Henderson,Stout Keeton,(702) 322-1192,,http://stoutkeeton.localsearch.com,https://stoutkeeton.localsearch.com,ok,0,,,,,
bookkeeping,Henderson,KG & R Bookkeeping Solutions Inc,(702) 558-5042,,http://kgrbookkeepingsolutionsinc.localsearch.com,https://kgrbookkeepingsolutionsinc.localsearch.com,ok,0,,,,,
bookkeeping,Henderson,Jane's Bookkeeping and Tax Service,(702) 359-0108,,http://janesbookkeepingandtaxservice.localsearch.com,https://janesbookkeepingandtaxservice.localsearch.com,ok,0,,,,,
bookkeeping,Henderson,Balance Your Books,(702) 370-0333,,http://www.balanceyourbooksllc.com,https://www.balanceyourbooksllc.com,ok,0,,jackie@balanceyourbooksllc.com,https://www.balanceyourbooksllc.com/contact,yes,yes
bookkeeping,Henderson,ASAP Bookkeeping Services,(702) 435-2233,,http://asapbookkeepingservicesnv.localsearch.com,https://asapbookkeepingservicesnv.localsearch.com,ok,0,,,,,
bookkeeping,Henderson,Sam Price,(702) 435-5370,,http://sampricenv.localsearch.com,https://sampricenv.localsearch.com,ok,0,,,,,
bookkeeping,Henderson,Vasquez and Assoc,(702) 458-6977,,http://vasquezandassoc.localsearch.com,https://vasquezandassoc.localsearch.com,ok,0,,,,,
bookkeeping,Henderson,Sam Price,(702) 435-5370,,http://samprice565864326.localsearch.com,https://samprice565864326.localsearch.com,ok,0,,,,,
bookkeeping,Henderson,Roberto Tax & Accounting,(702) 456-1040,,http://robertotaxaccounting.localsearch.com,https://robertotaxaccounting.localsearch.com,ok,0,,,,,
bookkeeping,Las Vegas,A Reliable Bookkeeper,(702) 602-4355,,https://www.bookkeepingvegas.com,https://www.bookkeepingvegas.com,ok,0,,,https://www.bookkeepingvegas.com/contact-us,yes,yes
bookkeeping,Las Vegas,Accurate Bookkeeping & Tax Service,(702) 832-5140,,http://www.accuratebookkeepingandtax.com,https://accuratebookkeepingandtax.com/,ok,0,,,https://accuratebookkeepingandtax.com/,yes,yes
bookkeeping,Las Vegas,Unique Accounting CPA Firm,(888) 651-8076,,http://uniqueaccountingcpafirmnv.localsearch.com,https://uniqueaccountingcpafirmnv.localsearch.com,ok,0,,,,,
bookkeeping,Las Vegas,Kelly Tate CPA,(702) 754-1932,,http://kellytatecpa.localsearch.com,https://kellytatecpa.localsearch.com,ok,0,,,,,
bookkeeping,Las Vegas,Deibert Group,(702) 878-5499,,http://deibertgroup.localsearch.com,https://deibertgroup.localsearch.com,ok,0,,,,,
bookkeeping,Las Vegas,Half price bookkeeping,(702) 916-1999,,http://halfpricebookkeeping.localsearch.com,https://halfpricebookkeeping.localsearch.com,ok,0,,,,,
bookkeeping,Las Vegas,Beverly Tax & Bookkeeping Service,(702) 646-0207,,http://beverlytaxbookkeepingservice.localsearch.com,https://beverlytaxbookkeepingservice.localsearch.com,ok,0,,,,,
bookkeeping,Las Vegas,Alta Business & Tax Service,(702) 877-0870,,http://altabusinesstaxservice.localsearch.com,https://altabusinesstaxservice.localsearch.com,ok,0,,,,,
bookkeeping,Las Vegas,Rescom Cleaning Services Association,(702) 795-1040,,http://rescomcleaningservicesassociation.localsearch.com,https://rescomcleaningservicesassociation.localsearch.com,ok,0,,,,,
bookkeeping,Las Vegas,Adam Hodson CPA,(702) 368-1120,,http://www.adamhodsoncpa.com,https://adamhodsoncpa.com/,ok,0,,info@adamhodsoncpa.com,https://adamhodsoncpa.com/contact,yes,yes
bookkeeping,Las Vegas,Sequoia Business & Professional Services,(702) 485-0928,,http://sequoiabusinessprofessionalservices.localsearch.com,https://sequoiabusinessprofessionalservices.localsearch.com,ok,0,,,,,
bookkeeping,Las Vegas,Advanced Accounting LLC,(702) 684-5959,,http://advancedaccountingllc.localsearch.com,https://advancedaccountingllc.localsearch.com,ok,0,,,,,
bookkeeping,Las Vegas,A Bookkeeper's Corner,(702) 951-1556,,http://www.abookkeeperscorner.com,https://www.yari.solutions/,ok,0,,yari@yari.solutions,,,yes
bookkeeping,Las Vegas,El sol Servicios Legales,(702) 743-4327,,http://elsolservicioslegales.localsearch.com,https://elsolservicioslegales.localsearch.com,ok,0,,,,,
bookkeeping,Las Vegas,Warren G Staley CPA Inc.,(702) 518-8273,,http://warrengstaleycpainc.localsearch.com,https://warrengstaleycpainc.localsearch.com,ok,0,,,,,
bookkeeping,Las Vegas,"Tax & Business Solutions, Inc",(702) 835-8585,,http://taxbusinesssolutionsinc.localsearch.com,https://taxbusinesssolutionsinc.localsearch.com,ok,0,,,,,
bookkeeping,Las Vegas,"Piercy, Bowler, Taylor & Kern CPAs & Business Advisors",(702) 384-1120,,http://piercybowlertaylorkerncpasbusinessadvisors.localsearch.com,https://piercybowlertaylorkerncpasbusinessadvisors.localsearch.com,ok,0,,,,,
bookkeeping,Las Vegas,Ibex Taxation & Bookkeeping,(702) 431-4449,,http://ibextaxationbookkeepingnv.localsearch.com,https://ibextaxationbookkeepingnv.localsearch.com,ok,0,,,,,
bookkeeping,Las Vegas,"Taxes & More, LLC",(702) 646-4646,,http://taxesmorellc.localsearch.com,https://taxesmorellc.localsearch.com,ok,0,,,,,
accountants,Henderson,Biz Accountants,(702) 480-4341,,http://bizaccountants.com,https://bizaccountants.com,ok,0,,biz@bizaccountants.com,https://bizaccountants.com,yes,yes
accountants,Henderson,Ovist & Howard Certified Public Accountant,(702) 456-1300,,http://www.ohcpas.net,https://www.ohcpas.net,ok,0,,kdeuser@ohcpas.net,https://www.ohcpas.net,yes,
accountants,Henderson,Accountant Henderson Nv Accounting,(702) 425-2260,,http://accountanthendersonnvaccounting.localsearch.com,https://accountanthendersonnvaccounting.localsearch.com,ok,0,,,,,
accountants,Henderson,Accountants In Las Vegas Group,(702) 473-0149,,http://accountantsinlasvegasgroup.localsearch.com,https://accountantsinlasvegasgroup.localsearch.com,ok,0,,,,,
accountants,Henderson,McNair CPA Accounting Firm & Forensic Accountants,(702) 646-0888,,https://www.mcnaircpas.com,https://www.mcnaircpas.com,ok,0,,,,,yes
accountants,Henderson,Accountants Enterprise Navada,(702) 703-3194,,http://accountantsenterprisenavada.localsearch.com,https://accountantsenterprisenavada.localsearch.com,ok,0,,,,,
accountants,Henderson,Kirstin Bus Keilty Accountant,(702) 902-5747,,http://kirstinbuskeiltyaccountant.localsearch.com,https://kirstinbuskeiltyaccountant.localsearch.com,ok,0,,,,,
accountants,Henderson,DH Financial Solution,(702) 620-4515,,https://dhfinancialsolutions.com,https://www.dhfinancialsolutions.com/,ok,0,,dhfinancial@outlook.com,,,yes
accountants,Henderson,eComm Financial Services,(702) 560-7981,,https://ecommfs.com,https://ecommfs.com,ok,0,,,https://ecommfs.com/contact-us/,,yes
accountants,Henderson,Kondler & Associates CPAs,(855) 330-4252,,http://kondlercpa.com,https://kondlercpa.com,ok,0,,info@kondlercpa.com,https://kondlercpa.com/contact-us/,yes,yes
accountants,Henderson,Phil's Bookkeeping & Tax Service,(702) 570-1044,,http://philsbookkeepingtaxservice.localsearch.com,https://philsbookkeepingtaxservice.localsearch.com,ok,0,,,,,
accountants,Las Vegas,Rainbow Tax Service Inc,(855) 209-5733,,http://rainbowtaxserviceincnv.localsearch.com,https://rainbowtaxserviceincnv.localsearch.com,ok,0,,,,,
business formation,Henderson,Nevada Corporate Formations Inc,(702) 734-7400,,http://nevadacorporateformationsinc.localsearch.com,https://nevadacorporateformationsinc.localsearch.com,ok,0,,,,,
business formation,Henderson,SBGA,(702) 763-1154,,http://www.sbga.com,https://www.sbga.com,ok,0,,,https://www.sbga.com/contact-us/,,
business formation,Henderson,Henderson Business Resource Center,(702) 992-7200,,http://hendersonbusinessresourcecenter.localsearch.com,https://hendersonbusinessresourcecenter.localsearch.com,ok,0,,,,,
business formation,Henderson,Southwest Consulting Service,(702) 504-4454,,http://southwestconsultingservice.localsearch.com,https://southwestconsultingservice.localsearch.com,ok,0,,,,,
business formation,Henderson,Harvey Gruber Business Account,(702) 614-7818,,http://harveygruberbusinessaccount.localsearch.com,https://harveygruberbusinessaccount.localsearch.com,ok,0,,,,,
business formation,Henderson,CoinFlip Bitcoin ATM - Red Apple Market & Liquor (Henderson),(877) 757-2646,,https://locations.coinflip.tech/us/nv/henderson/31-east-basic-road,https://locations.coinflip.tech/us/nv/henderson/31-east-basic-road,ok,0,,support@coinflip.tech,,,
business formation,Henderson,Mudville Inc,(702) 565-8800,,http://mudvilleinc.localsearch.com,https://mudvilleinc.localsearch.com,ok,0,,,,,
business formation,Henderson,Spree Management,(702) 509-5492,,http://spreemanagement.localsearch.com,https://spreemanagement.localsearch.com,ok,0,,,,,
business formation,Henderson,Destiny Business & Technology Consulting Education Solutions,(702) 987-9595,,https://www.destinycorp.com/contact,https://www.destinycorp.com/contact/,ok,0,,info@destinycorp.com,https://www.destinycorp.com/contact/,yes,yes
business formation,Henderson,Nathan Plemons,(725) 230-7047,,http://nathanplemons.localsearch.com,https://nathanplemons.localsearch.com,ok,0,,,,,
business formation,Henderson,Lnh Enterprise Corp,(702) 489-8218,,http://lnhenterprisecorp.localsearch.com,https://lnhenterprisecorp.localsearch.com,ok,0,,,,,
business formation,Henderson,Gerinet of Nevada,(702) 363-7886,,http://gerinetofnevada.localsearch.com,https://gerinetofnevada.localsearch.com,ok,0,,,,,
business formation,Henderson,Tremaine Thompson & Associates,(702) 558-4645,,http://tremainethompsonassociates.localsearch.com,https://tremainethompsonassociates.localsearch.com,ok,0,,,,,
business formation,Henderson,Luma Media International,(702) 202-2170,,http://lumamediainternational.localsearch.com,https://lumamediainternational.localsearch.com,ok,0,,,,,
business formation,Henderson,The Landesign Consultant,(702) 547-0047,,http://thelandesignconsultant.localsearch.com,https://thelandesignconsultant.localsearch.com,ok,0,,,,,
business formation,Henderson,Aesthetic Visual Production,(702) 248-4123,,http://aestheticvisualproductionnv.localsearch.com,https://aestheticvisualproductionnv.localsearch.com,ok,0,,,,,
business formation,Henderson,Talx Corporation,(702) 565-8053,,http://taixcorporation.localsearch.com,https://taixcorporation.localsearch.com,ok,0,,,,,
business formation,Henderson,Efi Global,(702) 458-4008,,http://efiglobalnv.localsearch.com,https://efiglobalnv.localsearch.com,ok,0,,,,,
business formation,Henderson,Innovative Network Solutions,(702) 568-9006,,https://innovativenow.com,https://innovativenow.com,ok,0,,info@innovativenow.com,https://innovativenow.com,yes,yes
business formation,Henderson,Tony Lane General Partners,(702) 582-9570,,http://tonylanegeneralpartners.localsearch.com,https://tonylanegeneralpartners.localsearch.com,ok,0,,,,,
business formation,Las Vegas,Zen Rose Garden,(916) 519-6752,,http://zenrosegarden.com,https://zenrosegarden.com,ok,0,,,,,yes
business formation,Las Vegas,"Green Valley Security, Inc.",(702) 997-8739,,http://www.greenvalleysecuritylv.com,https://www.greenvalleysecuritylv.com,ok,0,,info@greenvalleysecuritylv.com,https://www.greenvalleysecuritylv.com/contact-us,yes,yes
business formation,Las Vegas,H2O to GO,(702) 367-2100,,http://www.h2otogo.net,https://h2otogo.net/,ok,0,,,https://h2otogo.net/contact-us/,yes,yes
business formation,Las Vegas,Anchor CPA Firm,(702) 463-1200,,http://anchorcpafirm.localsearch.com,https://anchorcpafirm.localsearch.com,ok,0,,,,,
business formation,Las Vegas,Social Media Marketing Coach,(702) 708-1787,,http://socialmediamarketingcoach.localsearch.com,https://socialmediamarketingcoach.localsearch.com,ok,0,,,,,
business formation,Las Vegas,Ed Smith Business Broker,(702) 274-7320,,http://www.edsmithlasvegas.com,https://edsmithlasvegas.com/,ok,0,,,,,yes
business formation,Las Vegas,Global 1 Wholesale,(702) 248-8900,,http://global1wms.com,https://global1wms.com,ok,0,,,https://global1wms.com/more/contact/,yes,yes
business formation,Las Vegas,Vibrant Print Solutions,(702) 430-2330,,https://www.vibrantprintsolutions.com,https://vibrantprintsolutions.com/,ok,0,,support@vibrantprintsolutions.com,https://vibrantprintsolutions.com/contact-us/,yes,yes
business formation,Las Vegas,B and F USA,(702) 616-0354,,http://bandfusa.localsearch.com,https://bandfusa.localsearch.com,ok,0,,,,,
business formation,Las Vegas,Cut Above,(702) 553-1082,,http://www.cutaboveagency.com,https://cutaboveagency.com/,ok,0,,info@cutaboveagency.com,https://cutaboveagency.com/contact-us,yes,yes
business formation,Las Vegas,Flower Fair,(702) 464-8400,,http://flowerfair6913976.localsearch.com,https://flowerfair6913976.localsearch.com,ok,0,,,,,
business formation,Las Vegas,Sbh Consultants,(702) 272-6982,,http://sbhconsultantsnv.localsearch.com,https://sbhconsultantsnv.localsearch.com,ok,0,,,,,
business formation,Las Vegas,Tradenet,(702) 804-9622,,http://tradenet.com,https://www.tradenet.com/,ok,0,,,https://www.tradenet.com/contact/,,yes
business formation,Las Vegas,RCMP Consultants,(702) 445-7673,,http://rcmpconsultants.localsearch.com,https://rcmpconsultants.localsearch.com,ok,0,,,,,
business formation,Las Vegas,Evelyn D. Adelaja MFT,(888) 491-0493,,http://evelyndadelajamft.localsearch.com,https://evelyndadelajamft.localsearch.com,ok,0,,,,,
registered agents,Henderson,National Registered Agent,(800) 600-1672,,https://www.nationalregisteredagent.com,https://www.nationalregisteredagent.com,ok,0,,,https://www.nationalregisteredagent.com/Home/Contact,,yes
registered agents,Henderson,Real Estate Agent Tim Fink,(702) 497-2122,,http://realestateagenttimfink.localsearch.com,https://realestateagenttimfink.localsearch.com,ok,0,,,,,
registered agents,Henderson,Western Union Agent Location,(702) 216-6777,,https://www.westernunion.com/us/en/agent-locator.html,https://www.westernunion.com/global-services/find-locations?WUCountry=us&WULanguage=en,ok,0,,privacy@westernunion.com u003eprivacy@westernunion.com,,,yes
registered agents,Henderson,Allstate Insurance Agent: Shawn Mueller,(702) 899-3077,,http://allstateinsuranceagentshawnmueller.localsearch.com,https://allstateinsuranceagentshawnmueller.localsearch.com,ok,0,,,,,
registered agents,Henderson,Alex Kleytman-Allstate Agent,(702) 435-1338,,http://alexkleytmanallstateagent.localsearch.com,https://alexkleytmanallstateagent.localsearch.com,ok,0,,,,,
registered agents,Henderson,"Allstate Insurance Agent: Conner Family, LLC",(702) 368-4112,,http://allstateinsuranceagentconnerfamilyllc.localsearch.com,https://allstateinsuranceagentconnerfamilyllc.localsearch.com,ok,0,,,,,
registered agents,Henderson,Equiinet Agent Partners,(702) 912-4220,,https://www.equiinet.com/about,https://www.equiinet.com/about,ok,0,,accounting@equiinet.com info@equiinet.com sales@equiinet.com,https://www.equiinet.com/contact,,
registered agents,Las Vegas,Nevada Commercial Registered Agents,(775) 401-6800,,https://www.nevadaresidentagent.com/nv-resident-agent-contact,https://www.nevadaresidentagent.com/nv-resident-agent-contact,ok,0,,,https://www.nevadaresidentagent.com/nv-resident-agent-contact,,yes
registered agents,Las Vegas,Nevada Registered Agent Service,(702) 628-7279,,http://nevada-ra.com,https://nevada-ra.com,ok,0,,raservices@nevada-ra.com,https://nevada-ra.com/ContactUs.htm,,
registered agents,Las Vegas,"Anastasia Chebotareva, Real Estate Agent",(702) 427-4721,,http://anastasiachebotarevarealestateagent.localsearch.com,https://anastasiachebotarevarealestateagent.localsearch.com,ok,0,,,,,
registered agents,Las Vegas,Allstate Insurance Agent: Rodney Bumpers,(702) 381-0828,,http://allstateinsuranceagentrodneybumpers.localsearch.com,https://allstateinsuranceagentrodneybumpers.localsearch.com,ok,0,,,,,
registered agents,Las Vegas,Esports Agents G Oliver Melgar,(702) 255-5552,,https://revolutionarylaw.com,https://revolutionarylaw.com,ok,0,,oliver@revolutionarylaw.com,https://revolutionarylaw.com/contact-us/,,
registered agents,Las Vegas,Broker Agent Speakers Bureau Inc,(909) 498-7337,,https://realestatespeakers.com/contact,https://realestatespeakers.com/contact/,ok,0,,info@realestatespeakers.com,https://realestatespeakers.com/contact/,yes,yes
registered agents,Las Vegas,Allstate Insurance Agent: Brian Bertemati,(702) 389-1180,,http://allstateinsuranceagentbrianbertemati.localsearch.com,https://allstateinsuranceagentbrianbertemati.localsearch.com,ok,0,,,,,
registered agents,Las Vegas,Allstate Insurance Agent: Takeshi Nakajima,(725) 223-2892,,http://allstateinsuranceagenttakeshinakajima.localsearch.com,https://allstateinsuranceagenttakeshinakajima.localsearch.com,ok,0,,,,,
insurance agents,Henderson,AAA Insurance,(800) 533-8369,,https://mwg.aaa.com/lp/insurance/YPD?cmp=AF_010126_NV_PR_A_Aff_YP&utm_source=partner&utm_medium=affiliate&utm_campaign=fy26_aaa_insurance_affiliate_ypdex_mwg_NV_x_x_x_x_leads_x_x_x_01012026-31122026_x,https://mwg.aaa.com/lp/insurance/YPD?cmp=AF_010126_NV_PR_A_Aff_YP&utm_source=partner&utm_medium=affiliate&utm_campaign=fy26_aaa_insurance_affiliate_ypdex_mwg_NV_x_x_x_x_leads_x_x_x_01012026-31122026_x,ok,0,,,,,yes
insurance agents,Henderson,"American Family Insurance - Reba Labat Agency, LLC",(702) 852-6854,,https://www.amfam.com/agents/nevada/henderson/reba-labat,https://www.amfam.com/agents/nevada/henderson/reba-labat,ok,0,,rlabat@amfam.com,,,
insurance agents,Henderson,Farmers Insurance,(702) 539-7969,,https://agents.farmers.com/nv/henderson/christopher-maclaughlin,https://agents.farmers.com/nv/henderson/,ok,0,,,https://www.farmers.com/contact-us/,,
insurance agents,Henderson,Allstate Insurance,(702) 435-4211,,http://www.allstate.com,https://www.allstate.com,ok,0,,,https://www.allstate.com/help-support/contact,,
insurance agents,Henderson,Employers Insurance Company of Nevada,(702) 837-3200,,http://employersinsurancecompanyofnevada.localsearch.com,https://employersinsurancecompanyofnevada.localsearch.com,ok,0,,,,,
insurance agents,Henderson,Kamo Insurance Agency,(702) 425-5663,,http://kamoinsuranceagency.localsearch.com,https://kamoinsuranceagency.localsearch.com,ok,0,,,,,
insurance agents,Henderson,Katelyn Solomon: Allstate Insurance,(702) 473-6882,,http://katelynsolomonallstateinsurance.localsearch.com,https://katelynsolomonallstateinsurance.localsearch.com,ok,0,,,,,
insurance agents,Henderson,William Kneale: Allstate Insurance,(702) 233-8372,,http://williamknealeallstateinsurance.localsearch.com,https://williamknealeallstateinsurance.localsearch.com,ok,0,,,,,
insurance agents,Henderson,Safe & Sound Insurance Service,(702) 623-1717,,https://safesoundins.com,https://safesoundins.com,ok,0,,info@safesoundins.com,https://safesoundins.com/contact.html,yes,
insurance agents,Las Vegas,Selection Insurance Agency,(800) 824-7902,,https://selectioninsurance.com,https://selectioninsurance.com,ok,0,,contact@selectioninsurance.com,https://selectioninsurance.com/contact-us/,yes,yes
insurance agents,Las Vegas,Merv Matorian - State Farm Insurance Agent,(702) 256-8100,,http://mervmatorianstatefarm.localsearch.com,https://mervmatorianstatefarm.localsearch.com,ok,0,,,,,
insurance agents,Las Vegas,Alliance Insurance Agency,(702) 527-7575,,http://www.allianceia.com,https://www.allianceia.com,ok,0,,rainyjustice@allianceia.com,https://www.allianceia.com/insurance-center/service/insurance-claim-contacts/,,
insurance agents,Las Vegas,Cornerstone Benefits,(702) 242-9000,,http://www.cornerstoneinsnv.com,https://www.coreprime.com/,ok,0,,,https://coreprime.com/contact-us/,yes,yes
insurance agents,Las Vegas,Strother Gregory,(702) 646-1085,,http://strothergregory.localsearch.com,https://strothergregory.localsearch.com,ok,0,,,,,
insurance agents,Las Vegas,Monos Health,(702) 948-8660,,https://monoshealth.com,https://monoshealth.com,ok,0,,,https://monoshealth.com/contact/,,
insurance agents,Las Vegas,Tropitax Insurance,(702) 382-1188,,https://www.tropitax.com,https://www.tropitax.com,ok,0,,,https://www.tropitax.com/contact-us/,yes,yes
insurance agents,Las Vegas,Taormina Insurance Services,(702) 222-0116,,https://www.progressive.com/agent/local-agent/nevada/las-vegas/taormina-insurance-services-inc,https://www.progressiveagent.com/,ok,0,,,https://www.progressive.com/contact-us/,yes,
insurance agents,Las Vegas,Geiger Insurance Agency,(702) 829-6123,,https://www.geigerinsuranceagencynv.com,https://www.geigerinsuranceagencynv.com,ok,0,,,https://www.geigerinsuranceagencynv.com/contact,yes,yes
commercial real estate,Henderson,Fronabarger Carl,(213) 385-6888,,http://fronabargercarl.localsearch.com,https://fronabargercarl.localsearch.com,ok,0,,,,,
commercial real estate,Henderson,Conde Del Mar Property,(702) 856-3235,,http://condedelmarproperty.localsearch.com,https://condedelmarproperty.localsearch.com,ok,0,,,,,
commercial real estate,Henderson,Landmark Ventures,(702) 434-0261,,http://landmarkventures.com,https://www.landmarkventures.com/,ok,0,,,https://www.landmarkventures.com/,yes,
commercial real estate,Henderson,Tachyon Properties,(619) 295-1191,,http://tachyonproperties.localsearch.com,https://tachyonproperties.localsearch.com,ok,0,,,,,
commercial real estate,Henderson,Optim Property Solutions,(702) 938-6588,,http://optimpropertysolutions.localsearch.com,https://optimpropertysolutions.localsearch.com,ok,0,,,,,
commercial real estate,Henderson,Sunstone Horizon,(702) 558-5290,,http://sunstonehorizon.localsearch.com,https://sunstonehorizon.localsearch.com,ok,0,,,,,
commercial real estate,Henderson,V Lake LVGS Unit Owners,(702) 558-1947,,https://www.vatlakelasvegas.org/management-team,https://www.vatlakelasvegas.org/management-team/,ok,0,,,https://www.vatlakelasvegas.org/contacts/,,yes
commercial real estate,Henderson,Red Desert Capital Partners,(702) 984-6496,,http://reddesertcapitalpartners.localsearch.com,https://reddesertcapitalpartners.localsearch.com,ok,0,,,,,
commercial real estate,Henderson,Services First Choice Property,(702) 499-0355,,http://servicesfirstchoiceproperty.localsearch.com,https://servicesfirstchoiceproperty.localsearch.com,ok,0,,,,,
commercial real estate,Henderson,April Park Business,(702) 629-6200,,http://aprilparkbusinessnv.localsearch.com,https://aprilparkbusinessnv.localsearch.com,ok,0,,,,,
commercial real estate,Henderson,Sgf Security,(702) 690-4130,,http://sgfsecurity.localsearch.com,https://sgfsecurity.localsearch.com,ok,0,,,,,
commercial real estate,Henderson,Nk & Ai Enterprises LLP,(702) 360-0010,,http://nkaienterprisesllp.localsearch.com,https://nkaienterprisesllp.localsearch.com,ok,0,,,,,
commercial real estate,Henderson,Meridian Commercial,(702) 365-7677,,https://www.meridiancommercial.com,https://www.meridiancommercial.com,ok,0,,info@meridiancommercial.com,https://www.meridiancommercial.com/contact-us/,,
commercial real estate,Henderson,Remax Commercial,(313) 312-5714,,http://remaxcommercialnv.localsearch.com,https://remaxcommercialnv.localsearch.com,ok,0,,,,,
commercial real estate,Henderson,Lotus Studio Events,(702) 525-4128,,http://www.lotusstudioevents.com,https://www.lotusstudioevents.com,ok,0,,info@lotusstudioevents.com,https://www.lotusstudioevents.com/contact-our-venue-today,yes,yes
commercial real estate,Henderson,Stanley King Real Estate,(702) 463-8473,,http://stanleykingrealestate.localsearch.com,https://stanleykingrealestate.localsearch.com,ok,0,,,,,
commercial real estate,Henderson,Regus,(702) 430-4500,,http://www.regus.com,https://www.regus.com,ok,0,,,,,
commercial real estate,Las Vegas,Marbeya Business Park,(702) 462-8307,,https://www.marbeyaexecutivesuites.net,https://www.marbeyaexecutivesuites.net,ok,0,,,https://www.marbeyaexecutivesuites.net/contact-us,yes,yes
commercial real estate,Las Vegas,Luxurious Real Estate,(702) 804-7100,,http://www.luxurious-estates.com,https://www.luxurious-estates.com,ok,0,,,https://www.luxurious-estates.com/contact-us/,yes,yes
commercial real estate,Las Vegas,The Bousaid Team - First Choice Business Brokers,(702) 241-1242,,http://vegasbiz4sale.com,https://vegasbiz4sale.com,ok,0,,,https://vegasbiz4sale.com/contact-us,yes,yes
commercial real estate,Las Vegas,Direct Line,(702) 395-2500,,http://directline451484054.localsearch.com,https://directline451484054.localsearch.com,ok,0,,,,,
commercial real estate,Las Vegas,Nieves De Vera Real Estate,(702) 219-9907,,http://nievesdeverarealestate.localsearch.com,https://nievesdeverarealestate.localsearch.com,ok,0,,,,,
commercial real estate,Las Vegas,AWG Ambassador,(702) 740-3434,,http://www.awgambassador.com,https://awgambassador.com/,ok,0,,customerservice@awgambassador.com vipreservations@awgambassador.com,https://awgambassador.com/,yes,yes
commercial real estate,Las Vegas,Re/Max Achievers,(888) 407-6374,,http://remaxachievers15369701.localsearch.com,https://remaxachievers15369701.localsearch.com,ok,0,,,,,
commercial real estate,Las Vegas,Nevada State Development Corporation,(702) 877-9111,,http://www.nsdc.com,https://nsdc.com/,ok,0,,awilliams@nsdc.com bastle@nsdc.com cwright@nsdc.com,https://nsdc.com/contact/,yes,yes
commercial real estate,Las Vegas,Cushman & Wakefield Property Management,(702) 362-6444,,https://www.cushwakeliving.com/las-vegas-property-management,https://www.cushwakeliving.com/las-vegas-property-management,ok,0,,,https://www.cushwakeliving.com/contact,,yes
commercial real estate,Las Vegas,Walker & Dunlop,(925) 956-4034,,https://www.walkerdunlop.com,https://www.walkerdunlop.com,ok,0,,employmentverification@walkerdunlop.com info@walkerdunlop.com legal@walkerdunlop.com,https://www.walkerdunlop.com/contact,yes,
commercial real estate,Las Vegas,Jll Las Vegas - Carson Avenue,(702) 360-4908,,https://www.us.jll.com/en/locations/west,https://www.jll.com/en-us/locations,ok,0,,,https://www.jll.com/en-us/contact,,
commercial real estate,Las Vegas,Reliance Realty,(702) 258-0619,,http://reliancerealtynv.localsearch.com,https://reliancerealtynv.localsearch.com,ok,0,,,,,
commercial real estate,Las Vegas,PH Ssa,(702) 388-6397,,https://www.nevadabids.us/nevada-contractors/contractor-6268815-PH-SSA-LLC.htm,https://www.privateinternetaccess.com/buy-vpn-online?coupon=BANG8001,ok,0,,,https://www.privateinternetaccess.com/contact-us,yes,yes
commercial real estate,Las Vegas,333 6th St,(702) 388-0745,,http://3336thst.localsearch.com,https://3336thst.localsearch.com,ok,0,,,,,
commercial real estate,Las Vegas,Vegas Properties,(702) 312-2272,,http://vegasproperties.localsearch.com,https://vegasproperties.localsearch.com,ok,0,,,,,
commercial real estate,Las Vegas,Ambleside Properties,(702) 331-0968,,http://amblesideproperties.localsearch.com,https://amblesideproperties.localsearch.com,ok,0,,,,,
commercial real estate,Las Vegas,Vegas Pmu Conference,(702) 768-4582,,https://pmuconferencevegas.com,https://pmuconferencevegas.com,ok,0,,,,,yes
commercial real estate,Las Vegas,Meridian Realty Network,(702) 796-6688,,http://meridianrealtynetwork.localsearch.com,https://meridianrealtynetwork.localsearch.com,ok,0,,,,,
commercial real estate,Las Vegas,masQ Investments,(702) 666-9970,,http://masqinvestments.localsearch.com,https://masqinvestments.localsearch.com,ok,0,,,,,
marketing consultants,Henderson,Atwil Marketing,(702) 420-2406,,http://atwilmarketing.localsearch.com,https://atwilmarketing.localsearch.com,ok,0,,,,,
marketing consultants,Henderson,GenStar Marketing,(949) 612-9645,,http://genstarmarketing.localsearch.com,https://genstarmarketing.localsearch.com,ok,0,,,,,
marketing consultants,Henderson,LegalRev,(800) 893-2590,,https://legalrev.com,https://legalrev.com,ok,0,,,https://legalrev.com/contact/,,
marketing consultants,Henderson,SEO Vendor,(800) 398-5212,,https://seovendor.co,https://seovendor.co,ok,0,,ask@seovendor.co,https://cdn.seovendor.co/wp-content/cache/min/1/wp-content/plugins/contact-form-7/includes/css/styles.css?ver=1789661327,,yes
marketing consultants,Henderson,P & L Sales Group,(702) 420-2309,,http://plsalesgroup.com,https://plsalesgroup.com,ok,0,,,,,
marketing consultants,Henderson,Vector Marketing,(702) 675-8269,,http://vectormarketing507550888.localsearch.com,https://vectormarketing507550888.localsearch.com,ok,0,,,,,
marketing consultants,Henderson,Abg Marketing,(702) 462-6315,,http://abgmarketingnv.localsearch.com,https://abgmarketingnv.localsearch.com,ok,0,,,,,
marketing consultants,Henderson,The Search Source,(702) 425-6800,,http://thesearchsource.com,https://thesearchsource.com,ok,0,,info@thesearchsource.com,https://thesearchsource.com/contact,,
marketing consultants,Henderson,Axiom Associates,(702) 802-5277,,http://axiomassociatesnv.localsearch.com,https://axiomassociatesnv.localsearch.com,ok,0,,,,,
marketing consultants,Henderson,Keyword Marketing Inc,(800) 875-9606,,https://www.myskillsmyfuture.org/EmployerDetails.aspx,https://www.myskillsmyfuture.org/EmployerDetails.aspx,ok,0,,,https://www.myskillsmyfuture.org/skillstransferability/contact-us.aspx ,yes,yes
marketing consultants,Henderson,Leadstream Strategies,(702) 718-7010,,https://leadstreamstrategies.com,https://leadstreamstrategies.com,ok,0,,hello@leadstreamstrategies.com info@leadstreamstrategies.com,https://leadstreamstrategies.com/contact,,yes
marketing consultants,Henderson,Marketing Innovations,(800) 875-1949,,http://marketinginnovationsnv.localsearch.com,https://marketinginnovationsnv.localsearch.com,ok,0,,,,,
marketing consultants,Henderson,Greenbaum Marketing Communications,(702) 898-8818,,http://greenbaummarketingcommunications.localsearch.com,https://greenbaummarketingcommunications.localsearch.com,ok,0,,,,,
marketing consultants,Henderson,Beyond Social,(702) 339-3002,,http://beyondsocialnv.localsearch.com,https://beyondsocialnv.localsearch.com,ok,0,,,,,
marketing consultants,Henderson,Sunwest Group,(702) 896-2562,,http://sunwestgroup.localsearch.com,https://sunwestgroup.localsearch.com,ok,0,,,,,
marketing consultants,Henderson,Brand Marketing Works,(702) 248-2691,,https://www.brandmarketingworks.com,https://www.brandmarketingworks.com,ok,0,,,,,
marketing consultants,Henderson,Viraj Enterprises Incorporated,(702) 727-4862,,http://virajenterprisesincorporated.localsearch.com,https://virajenterprisesincorporated.localsearch.com,ok,0,,,,,
marketing consultants,Henderson,Godat Marketing,(702) 727-4862,,http://godatmarketing.localsearch.com,https://godatmarketing.localsearch.com,ok,0,,,,,
marketing consultants,Las Vegas,Gold Medal Service,(702) 605-7310,,https://goldmedalair.com,https://goldmedalair.com,ok,0,,dispatch@goldmedalair.com,https://goldmedalair.com,yes,yes
marketing consultants,Las Vegas,Media One Pro,(702) 427-9630,,http://mediaonepro.localsearch.com,https://mediaonepro.localsearch.com,ok,0,,,,,
marketing consultants,Las Vegas,LittleBizzy,(702) 625-2966,,https://www.littlebizzy.com,https://www.littlebizzy.com,ok,0,,,,,
marketing consultants,Las Vegas,Golden Medina Services,(702) 970-3619,,http://goldenmedina.business,https://goldenmedina.business,ok,0,,,https://goldenmedina.business/contact-us,,
marketing consultants,Las Vegas,California Marketing Associates,(213) 452-7000,,http://californiamarketingassociatesnv.localsearch.com,https://californiamarketingassociatesnv.localsearch.com,ok,0,,,,,
marketing consultants,Las Vegas,Amigo Labz,(725) 257-7528,,https://www.amigolabz.com/las-vegas-web-design,https://www.amigolabz.com/las-vegas-web-design,ok,0,,office@amigolabz.com,https://www.amigolabz.com/contact-us,yes,yes
marketing consultants,Las Vegas,Creative Digital Group,(702) 448-1888,,https://www.creativedigitalgroup.com,https://www.creativedigitalgroup.com,ok,0,,info@creativedigitalgroup.com,https://www.creativedigitalgroup.com/contact/,yes,
marketing consultants,Las Vegas,SEO & Digital Marketing by SEO BLK,(702) 546-6693,,https://seoblk.com,https://seoblk.com,ok,0,,,https://seoblk.com/contact/,,
marketing consultants,Las Vegas,Global Direct Marketing,(480) 888-6264,,http://globaldirectmarketingnv.localsearch.com,https://globaldirectmarketingnv.localsearch.com,ok,0,,,,,
marketing consultants,Las Vegas,A.R.M. Enterprise,(702) 458-2668,,http://armenterprisenv.localsearch.com,https://armenterprisenv.localsearch.com,ok,0,,,,,
marketing consultants,Las Vegas,Sijan Enterprises,(702) 334-2417,,http://sijanenterprises.localsearch.com,https://sijanenterprises.localsearch.com,ok,0,,,,,
marketing consultants,Las Vegas,Rocket TV Media,(702) 753-4113,,http://rockettvmedia.com,https://rockettvmedia.com,ok,0,,info@rockettvmedia.com,https://rockettvmedia.com/contact-us/,,yes
marketing consultants,Las Vegas,Hevenly Digital Marketing Management,(702) 710-0050,,https://www.hevenlydmm.com,https://www.hevenlydmm.com,ok,0,,sales@hevenlydmm.com support@hevenlydmm.com,https://www.hevenlydmm.com,yes,yes
marketing consultants,Las Vegas,"Best Online Rep, LLC",(702) 496-4200,,http://bestonlinerepllc.localsearch.com,https://bestonlinerepllc.localsearch.com,ok,0,,,,,
marketing consultants,Las Vegas,CIM Marketing Partners,(702) 944-2464,,https://cimmp.com,https://cimmp.com,ok,0,,,,,
marketing consultants,Las Vegas,brianhoward.us,(702) 483-7736,,http://brianhowardus.localsearch.com,https://brianhowardus.localsearch.com,ok,0,,,,,
marketing consultants,Las Vegas,Guru Marketing,(702) 527-9222,,http://gurumarketing.localsearch.com,https://gurumarketing.localsearch.com,ok,0,,,,,
marketing consultants,Las Vegas,Adlinx 1 Marketing,(702) 530-1362,,http://adlinx1marketing.localsearch.com,https://adlinx1marketing.localsearch.com,ok,0,,,,,
marketing consultants,Las Vegas,Help U Sell Marketing Team,(702) 932-7355,,http://helpusellmarketingteam516933493.localsearch.com,https://helpusellmarketingteam516933493.localsearch.com,ok,0,,,,,
business coaches,Henderson,Assured Strategy,(702) 421-3212,,http://assuredstrategy.localsearch.com,https://assuredstrategy.localsearch.com,ok,0,,,,,
business coaches,Henderson,Thrivelab,(737) 377-1600,,https://www.thrivelab.com/about-us,https://www.thrivelab.com/about-us,ok,0,,hello@thrivelab.com press@thrivelab.com,https://www.thrivelab.com/contact-us,,
business coaches,Henderson,ActionCOACH Business Coaching,(702) 291-7778,,http://actioncoachbusinesscoachingnv.localsearch.com,https://actioncoachbusinesscoachingnv.localsearch.com,ok,0,,,,,
business coaches,Henderson,Moore Corporation,(702) 361-7561,,http://moorecorporation.localsearch.com,https://moorecorporation.localsearch.com,ok,0,,,,,
business coaches,Henderson,Gomez Consulting Group Inc,(702) 566-0440,,http://gomezconsultinggroupinc.localsearch.com,https://gomezconsultinggroupinc.localsearch.com,ok,0,,,,,
business coaches,Henderson,Trioid International Group,(702) 314-0539,,http://trioidinternationalgroup.localsearch.com,https://trioidinternationalgroup.localsearch.com,ok,0,,,,,
business coaches,Henderson,Front Row Consulting Group,(702) 522-9876,,http://frontrowconsultinggroup.localsearch.com,https://frontrowconsultinggroup.localsearch.com,ok,0,,,,,
business coaches,Henderson,M S Price Consulting,(702) 435-5370,,http://pricetaxconsulting.localsearch.com,https://pricetaxconsulting.localsearch.com,ok,0,,,,,
business coaches,Henderson,"Greenspun, Brian",(702) 538-7294,,http://greenspunbrian.localsearch.com,https://greenspunbrian.localsearch.com,ok,0,,,,,
business coaches,Henderson,Unified Consulting Group,(702) 492-1246,,http://unifiedconsultinggroup.localsearch.com,https://unifiedconsultinggroup.localsearch.com,ok,0,,,,,
business coaches,Henderson,Express Financial Solutions,(702) 932-2635,,http://expressfinancialsolutions.localsearch.com,https://expressfinancialsolutions.localsearch.com,ok,0,,,,,
business coaches,Henderson,Turnkey Consulting,(702) 430-4779,,http://turnkeyconsultingnv.localsearch.com,https://turnkeyconsultingnv.localsearch.com,ok,0,,,,,
business coaches,Las Vegas,Leadership Excursion Co.,(702) 483-1277,,http://leadershipexcursionconv.localsearch.com,https://leadershipexcursionconv.localsearch.com,ok,0,,,,,
business coaches,Las Vegas,MDC Professional Services,(866) 542-1562,,http://www.mdcprofsvc.com,https://mdcprofsvc.com/,ok,0,,m.johnson@mdcprofsvc.com,https://mdcprofsvc.com/,yes,
business coaches,Las Vegas,Blue Earth Products,(702) 851-4760,,https://blueearthproducts.com,https://blueearthproducts.com,ok,0,,,https://blueearthproducts.com/contact-us/,,
business coaches,Las Vegas,Leaf Home Water Solutions,(833) 373-8081,,https://www.leafhome.com/locations/nevada/las-vegas/water-solutions?y_source=1_MTA5NDY5NTI2MS01NTMtbG9jYXRpb24ud2Vic2l0ZQ%3D%3D,https://www.leafhome.com/locations/nevada/las-vegas/water-solutions?y_source=1_MTA5NDY5NTI2MS01NTMtbG9jYXRpb24ud2Vic2l0ZQ%3D%3D,ok,0,,ali.yazdi@leafhome.com,https://www.leafhome.com/contact-us,,
business coaches,Las Vegas,United States Postal Service,(800) 275-8777,,https://tools.usps.com/find-location.htm?location=1377903&utm_source=website-url&utm_medium=search&utm_campaign=yext,https://tools.usps.com/locations/home.htm?location=1377903&utm_source=website-url&utm_medium=search&utm_campaign=yext,ok,0,,,https://www.usps.com/help/contact-us.htm,,
business coaches,Las Vegas,CogniLogic,(702) 942-0734,,http://cognilogic.localsearch.com,https://cognilogic.localsearch.com,ok,0,,,,,
business coaches,Las Vegas,"Tiger Investment Group, inc.",(702) 389-5211,,http://tigerinvestmentgroupinc.localsearch.com,https://tigerinvestmentgroupinc.localsearch.com,ok,0,,,,,
business coaches,Las Vegas,ActionCOACH,(702) 795-3188,,http://www.actioncoach.com,https://www.actioncoach.com,ok,0,,freedom@actioncoach.com info@actioncoach.com,https://www.actioncoach.com/contact-us?hsLang=en,,
business coaches,Las Vegas,Poshmark Global LLC,(702) 720-6453,,https://poshmarkglobal.com,https://poshmarkglobal.com,ok,0,,admin@poshmarkglobal.com,https://poshmarkglobal.com,yes,
business coaches,Las Vegas,"Iconier, Inc",(702) 944-4345,,https://www.iconier.com,https://www.iconier.com,ok,0,,,,,
business coaches,Las Vegas,Catalina Capital Group Inc.,(702) 925-8376,,http://catalinacapitalgroupinc.localsearch.com,https://catalinacapitalgroupinc.localsearch.com,ok,0,,,,,
business coaches,Las Vegas,Bid Boss Liaisons,(702) 319-0764,,https://bidboss.biz,https://www.bidboss.biz/,ok,0,,bidbossrfp@gmail.com,https://www.bidboss.biz/,yes,yes
business coaches,Las Vegas,Zappos Expertise,(702) 300-3745,,http://expertise.zappos.com,https://www.zappos.com/,ok,0,,,https://www.zappos.com/c/contact-us,,yes
business coaches,Las Vegas,Docovia,(725) 222-5468,,https://app.docovia.com/terms,https://app.docovia.com/terms,ok,0,,,,,
business coaches,Las Vegas,Anderson Business Advisors,(800) 706-4741,,http://www.andersonadvisors.com,https://andersonadvisors.com/,ok,0,,info@andersonadvisors.com,,,yes
business coaches,Las Vegas,Against The Grain LV,(702) 570-1833,,http://againstthegrainlv.localsearch.com,https://againstthegrainlv.localsearch.com,ok,0,,,,,
photographers,Henderson,Walmart - Photo Center,(702) 564-5428,,http://www.walmart.com/store/2050-henderson-nv,https://www.walmart.com/blocked?url=L3N0b3JlLzIwNTAtaGVuZGVyc29uLW52&uuid=22e4e340-ba9d-11f1-b261-a515b6aebce1&vid=&g=b,ok,0,,,,,yes
photographers,Henderson,Walgreens,(702) 566-9706,,http://www.walgreens.com,https://www.walgreens.com,ok,0,,epc.consumerrelations@walgreens.com,https://www.walgreens.com/youraccount/clhistory/contactlenshist.jsp,,
photographers,Henderson,CVS Pharmacy,(702) 260-0291,,https://www.cvs.com/store-locator/henderson-nv-pharmacies/2594-wigwam-pkwy-henderson-nv-89074/storeid=8822,https://www.cvs.com/store-locator/henderson-nv-pharmacies/2594-wigwam-pkwy-henderson-nv-89074/storeid=8822,ok,0,,,,,
photographers,Henderson,Longs Drugs,(702) 990-4610,,http://longsdrugs462156268.localsearch.com,https://longsdrugs462156268.localsearch.com,ok,0,,,,,
photographers,Henderson,Humble Archer Pictures,(818) 312-8088,,http://humblearcherpictures.localsearch.com,https://humblearcherpictures.localsearch.com,ok,0,,,,,
photographers,Henderson,1 Hour Photo Shack,(702) 798-7373,,https://www.ephotoshack.com/contact,https://www.ephotoshack.com/contact,ok,0,,,https://www.ephotoshack.com/contact,yes,yes
photographers,Henderson,Consolidated Ventures,(702) 216-6601,,http://consolidatedventuresnv.localsearch.com,https://consolidatedventuresnv.localsearch.com,ok,0,,,,,
photographers,Henderson,Cashman Photo Magic,(702) 876-3686,,http://cashmanphoto.com,https://cashmanphoto.com,ok,0,,info@cashmanphoto.com,https://cashmanphoto.com,yes,yes
photographers,Henderson,Amazing Photos,(702) 301-2006,,http://amazingphotos.localsearch.com,https://amazingphotos.localsearch.com,ok,0,,,,,
photographers,Henderson,Pixel To Canvas,(702) 632-2849,,https://www.pixel2canvas.com,https://pixel2canvas.com/,ok,0,,,,,yes
photographers,Henderson,Vegas Photo Studio | Las Vegas Photo Studio Rentals,(702) 338-8850,,http://vegasphotostudiolasvegasphotostudiorentals.localsearch.com,https://vegasphotostudiolasvegasphotostudiorentals.localsearch.com,ok,0,,,,,
photographers,Henderson,Green Rendition,(702) 408-0109,,http://greenrendition.localsearch.com,https://greenrendition.localsearch.com,ok,0,,,,,
photographers,Las Vegas,Blue Sapphire Graphics,(702) 283-8831,,http://bluesapphiregraphics.localsearch.com,https://bluesapphiregraphics.localsearch.com,ok,0,,,,,
photographers,Las Vegas,Noemi Photo & Video,(702) 477-0011,,http://noemiphotovideo.localsearch.com,https://noemiphotovideo.localsearch.com,ok,0,,,,,
photographers,Las Vegas,America's Quick Photo,(702) 228-3456,,http://americasquickphoto.localsearch.com,https://americasquickphoto.localsearch.com,ok,0,,,,,
photographers,Las Vegas,Transformation Photo Services,(702) 331-2033,,http://transformationphotoservices.localsearch.com,https://transformationphotoservices.localsearch.com,ok,0,,,,,
photographers,Las Vegas,Longs Drugs,(702) 968-0200,,http://longsdrugs457960000.localsearch.com,https://longsdrugs457960000.localsearch.com,ok,0,,,,,
photographers,Las Vegas,Pixo2.com Photography,(702) 715-4233,,http://pixo2comphotography.localsearch.com,https://pixo2comphotography.localsearch.com,ok,0,,,,,
photographers,Las Vegas,Snaps Pic,(855) 603-8250,,http://snapspic.localsearch.com,https://snapspic.localsearch.com,ok,0,,,,,
photographers,Las Vegas,Fast Auto Body,(702) 556-3278,,http://fastautobody.localsearch.com,https://fastautobody.localsearch.com,ok,0,,,,,
photographers,Las Vegas,Michael J Dunham Photography,(780) 566-0855,,http://michaeljdunhamphotography.localsearch.com,https://michaeljdunhamphotography.localsearch.com,ok,0,,,,,
