trade,city,state,name,phone,social
barbers,Las Vegas,NV,Shears and Beards,(702) 986-1719,https://www.facebook.com/ShearsAndBeards
barbers,North Las Vegas,NV,Icon Barbershop,(702) 531-1262,http://instagram.com/_iconbarbershop_
barbers,Mesa,AZ,Tijeras Barbershop,(480) 830-9109,https://www.facebook.com/pages/tijeras-barbershopllc/177810018913256
barbers,Mesa,AZ,Jim's barber and styling,(602) 688-1558,http://www.facebook.com/jimsbarberandstyling
barbers,Scottsdale,AZ,B's Lounge Barber Shop,(480) 614-1088,https://www.facebook.com/Bs-Lounge-Barber-Shop-108783067299837
nail salons,Henderson,NV,Hot Nails,(702) 459-5454,http://facebook.com/hotnailshenderson
nail salons,Phoenix,AZ,Stash House Az,(602) 266-8168,http://instagram.com/stashhouseaz
pet grooming,Las Vegas,NV,Doggie in the Window,(702) 641-9090,http://facebook.com/doggie-in-the-window-520536254773051/info
pet grooming,Mesa,AZ,Elite Paw Spa,(480) 218-5556,https://www.facebook.com/elitepawspa
auto detailing,Las Vegas,NV,Chamucos Auto Detail,(702) 339-0216,https://www.facebook.com/Chamucos-auto-detail-187289401355442
auto detailing,Henderson,NV,Miracle Touch,(702) 981-2748,https://www.facebook.com/Miracletouchlasvegas
auto detailing,Phoenix,AZ,Auto This World,(541) 777-3311,https://www.facebook.com/pg/autothisworldcoatingsanddetail
food trucks,Phoenix,AZ,Glai Baan,(602) 595-5881,https://www.facebook.com/glaibaanaz
bakeries,Henderson,NV,Weiss Restaurant Deli Bakery,(702) 454-0565,https://www.facebook.com/Weiss-Restaurant-Deli-Bakery-140825119265426
bakeries,Phoenix,AZ,Sweet Cream Donuts,(623) 936-1007,https://www.facebook.com/sweetcreamdonuts
landscaping,Phoenix,AZ,"Rafa's Landscape Management, LLC",(602) 862-8204,https://www.facebook.com/pages/Rafas-Landscape-Management-LLC/632964996789302?fref=ts
landscaping,Mesa,AZ,Nation Hardscape,(480) 925-7623,https://www.facebook.com/nationhardscape
house cleaning,North Las Vegas,NV,Laguna's House Cleaning & Janitorial,(702) 636-0943,http://www.facebook.com/lagunashousecleaning
house cleaning,North Las Vegas,NV,Castillo Construction,(702) 236-9223,https://www.facebook.com/CastilloConstructionllc
pressure washing,Las Vegas,NV,Specialty Cleaning Agents,(702) 499-4317,https://www.facebook.com/share/1Fiq7eH6nG
pressure washing,Mesa,AZ,Squeegees At Large Window Cleaning,(602) 478-3956,https://m.facebook.com/Squeegees-At-Large-Window-Cleaning-761707230516028
pressure washing,Scottsdale,AZ,Rolling Suds of Phoenix - Scottsdale,(877) 452-7380,https://www.facebook.com/rollingsudsphoenixscottsdale
tattoos,Las Vegas,NV,Black Omen Tattoo,(702) 209-3453,http://www.instagram.com/blackomentattoo
tattoos,Mesa,AZ,Skin Aesthetics,(818) 277-0502,http://www.facebook.com/theskinaesthetic1
med spas,Mesa,AZ,Skin Glo Studio,(602) 573-6898,https://www.facebook.com/skinglostudio
personal trainers,Mesa,AZ,Crossfit Mesa,(480) 217-6006,https://www.facebook.com/pg/CrossFit-Mesa-364436344100227
personal trainers,Mesa,AZ,Steve's Fitness Plus,(480) 807-3829,https://www.facebook.com/pages/steves-fitness-plus/137694189605461
personal trainers,Scottsdale,AZ,NeuIntention Health and Wellness,(480) 770-6630,https://www.facebook.com/neuintentionhealthandwellness
dj,Henderson,NV,Cafe Moda,(702) 220-4488,https://www.facebook.com/CafeModaLV/?ref=br_rs
dj,Phoenix,AZ,"The ILLEST period, LLC",(480) 243-6078,http://www.facebook.com/theillestperiod
dj,Phoenix,AZ,MVP DJ & PA Sound Systems Rentals,(602) 456-9628,http://facebook.com/mvp.djservices.rentals
