name,phone,city,trade,has_website,website_url,active,reviews,email,facebook,instagram,photos_source,one_liner,priority
Hertzog Renovations - Painting & Finishing,(602) 290-8188,Phoenix,painting,no,,unknown,YP mixed (positive + one 'scammer' complaint re upfront payment),,,,https://www.yellowpages.com/phoenix-az/mip/hertzog-renovations-painting-finishing-468003277,"Owner Chris Hertzog; interior/exterior painting, '50+ years combined experience', free estimates",B
Beyond Image Cleaning,(480) 649-6497,Mesa,cleaning,bad,beyondimagecleaning.com (domain dead); only a Leadpages page jtemple.lpages.co/beyond-image-cleaning/,likely (IG/Nextdoor/Angi presence),Angi + Nextdoor listings; rating not visible,,https://www.facebook.com/beyondimageaz,https://www.instagram.com/beyondimageaz/,https://www.instagram.com/beyondimageaz/,"Co-owners Donny (Kestner) & Steve; carpet, upholstery, tile/grout & air duct cleaning, 12+ years in Mesa",A
The Master Painters,(480) 612-2512,Scottsdale,painting,no,,unknown,none found,,,,,"YP lists ~40 years in business (N 115th St, Scottsdale); little else online",B
Neon Painting,(602) 900-6113,Phoenix,painting,no,,closed (Yelp marked CLOSED Nov 2025),Yelp: at least one positive review,,,,https://www.yelp.com/biz/neon-painting-phoenix,Review: 'really good exterior painting just in 3 days',X
Royalty Tree and Landscape,(480) 233-7318,Tempe,landscaping,no,,unknown,none found,,,,,No online footprint found under this name or phone,B
Dazzle Clean Professional Cleaners,(480) 650-3498,Chandler,cleaning,bad,housecleaninginchandler.com (domain dead),yes (Yelp updated Mar 2026),Yelp 21 reviews; Birdeye 3.4/29; Top Rated Local 4.2/11,,,,https://www.yelp.com/biz/dazzle-clean-professional-cleaners-chandler-2,"Husband-wife team Disraeli & Myrna Villalobos, cleaning since Aug 2007; serve seniors, allergy families, autistic clients",A
J & M Pressure Washing,(480) 403-1305,Mesa,pressure washing,bad,"https://jandmpressurewashing.godaddysites.com/ (free GoDaddy subdomain, (c)2022)",likely (Yelp updated Dec 2025),Yelp listing; rating not visible,,,,https://www.yelp.com/biz/j-and-m-pressure-washing-mesa,"Homes, walkways, driveways, businesses & parking lots; 455 S Mesa Dr",B
Az Unique House Painting,(480) 453-7292,Mesa,painting,no,,likely,"Yelp 2.5 stars, 20 photos",,,,https://www.yelp.com/biz/az-unique-house-painting-mesa,"Family-owned since 2016, owner (Chris) 17 yrs painting; cabinet painting specialty. Review: 'Chris transformed my entire house'",B
J Gorski Custom Painting,(480) 271-3055,Phoenix,painting,no,,unknown,"YP: 'professional, courteous, and prompt'",,,,,"Owner Jason Gorski, one-man interior painting shop",B
Blue Sky Painting,(480) 664-2423,Gilbert,painting,no,,unknown,YP 5 stars (North Scottsdale job); BBB profile,,https://www.facebook.com/blueskypaintingllc/ (unverified match),,,Faux finishes & Venetian plaster by master applicators with 30+ yrs experience,B
TNP Gates,(480) 332-2106,Mesa,gates/fence,no,,closed (Yelp CLOSED Sep 2026),"Yelp 24 reviews, 63 photos",,,,https://www.yelp.com/biz/tnp-gate-and-repair-phoenix,"Ornamental iron gates/pool fences, managed by Jimmy Poole",X
Thermocool A/C Heating & Refrig,(602) 885-5199,Phoenix,hvac,no,,unknown (LLC since 2007),"BBB A+; review praises John's quick, reasonable repairs",,,,,"Owner John Sienicki, Phoenix AC/refrigeration since 2007",B
Amber Roofing FM,(480) 352-6432,Chandler,roofing,yes,https://amberroofingfm.com/,yes (BBB accredited 2024),BBB accredited; Angi/HomeAdvisor listings,,,,,"Foam/SPF, tile, shingle & TPO roofing; ROC#351186",X
Anderson Roofing & Repair,(602) 730-8626,Phoenix,roofing,yes,http://www.andersonroofingandrepair.com/,yes,Yelp 44 reviews,,https://www.facebook.com/AndersonRoofingandRepair/,https://www.instagram.com/lexywithandersonroofing/,https://www.yelp.com/biz/anderson-roofing-and-repair-phoenix-2,"Family-owned, 30+ yrs roofing Phoenix",X
Arizona Specialty Landscape,(480) 844-9765,Mesa,landscaping,yes,https://azspecialtylandscape.com/,yes,"Yelp 10 reviews, 153 photos; BBB A+",,https://www.facebook.com/AZspecialtylandscape/,,https://www.yelp.com/biz/arizona-specialty-landscape-mesa,"37 yrs; pavers, turf, low-voltage lighting",X
A+ Waterfallmasters,(480) 310-3242,Mesa,water features,no,,likely (Yelp updated Mar 2026),"Yelp listing, 14 photos; rating not visible",,,,https://www.yelp.com/biz/a-waterfall-masters-mesa-2,"Owner Juan Apodaca; real-rock & artificial waterfalls - builds, remodels, sealing, repaints (LLC since 2016)",B
Art In Stone Creations Inc,(480) 870-9258,Mesa,stone/landscape,no,,unknown,BBB A+,,,,,"Owner Fidel Heber; stone & tile patios, firepits, walls since 2004",B
Desert Art Landscaping Ltd,(480) 991-2424,Scottsdale,landscaping,no,,closed (reported out of business),Birdeye 5.0/3,,,,,"Landscape design/construction, Scottsdale",X
The Ritz Pet Grooming Parlor,(480) 644-9155,Mesa,dog grooming,no,,"unknown (Yelp unclaimed, updated Dec 2025)",none visible,,,,https://www.yelp.com/biz/the-ritz-pet-grooming-parlor-mesa,Downtown Mesa grooming parlor (39 S Morris) since 1998,B
Boom-Chicka-Groom-Groom LLC,(602) 616-2960,Chandler,dog grooming,no,,yes (Yelp updated Apr 2026),"Yelp 40 reviews, 62 photos",,,,https://www.yelp.com/biz/boom-chicka-groom-groom-chandler-2,"Mobile grooming trailer (A/C, hot water) for Chandler/Gilbert - 'no cages, no stress, no waiting', most grooms in 1 hour, 18+ yrs experience",A
Top End Glass LLC,(602) 708-9333,Gilbert,glass,bad,topendglass.com (domain dead),unknown,none visible,,,,,"Windows, shower enclosures, custom-cut table tops; shop in Gilbert since 2010",B
Carothers Brothers Glass,(602) 358-4748,Phoenix,glass,no,,unknown,experience.com listing; BBB (not accredited),,,,,"Noah Carothers; custom shower doors & mirrors, central Phoenix",B
Dimension Glass,(480) 755-3488,Gilbert,glass,yes,https://canyonstateglass.com/ (phone now belongs to Canyon State Glass),"yes (as Canyon State Glass, (c)2026)",,,https://www.facebook.com/canyonstateglass/,https://www.instagram.com/canyonstateglass/,,"Number now used by Canyon State Glass (owner Ryan Jarvis), which has a current site",X
Roar Cleaning Service,(480) 447-9410,Mesa,cleaning,no,,unknown (LLC active),none visible,,,,,"Registered agent Rosa I. Martinez; possibly now 'Rosa InstaClean' (rosainstaclean.com, different phone) - verify before pitching",B
