trade,search_city,name,phone,street,locality,years_in_business,yp_reviews,yp_url
roofing,"Chandler, AZ",Amber Roofing FM,(480) 352-6432,639 E Del Rio St,"Chandler, AZ 85225",,,https://www.yellowpages.com/chandler-az/mip/amber-roofing-fm-559680111
roofing,"Scottsdale, AZ",Scottsdale Roofing Inc.,(602) 618-9932,7842 E Glenrosa Ave,"Scottsdale, AZ 85251",,,https://www.yellowpages.com/scottsdale-az/mip/scottsdale-roofing-inc-494970469
roofing,"Phoenix, AZ",Anderson Roofing & Repair,(602) 730-8626,940 W Hatcher Rd,"Phoenix, AZ 85021",,,https://www.yellowpages.com/phoenix-az/mip/anderson-roofing-repair-544625379
landscaping,"Mesa, AZ",Residential Landscape & Construction Service,(480) 878-9200,,"Mesa, AZ 85204",,1,https://www.yellowpages.com/mesa-az/mip/residential-landscape-construction-service-530457820
landscaping,"Mesa, AZ",Arizona Specialty Landscape,(480) 844-9765,2613 E Adobe St,"Mesa, AZ 85213",,,https://www.yellowpages.com/mesa-az/mip/arizona-specialty-landscape-2742936
landscaping,"Mesa, AZ",Francisco's Landscaping,(480) 353-6471,1465 E 3rd Ave,"Mesa, AZ 85204",,,https://www.yellowpages.com/mesa-az/mip/franciscos-landscaping-530123018
landscaping,"Mesa, AZ",Dubon Landscape,(480) 232-3757,618 W 5th Ave,"mesa, AZ 85210",,,https://www.yellowpages.com/mesa-az/mip/dubon-landscape-521937591
landscaping,"Mesa, AZ",A+ Waterfallmasters,(480) 310-3242,604 W 8th Ave Apartment 2582,"Mesa, AZ 85210",,,https://www.yellowpages.com/mesa-az/mip/a-waterfallmasters-538972422
landscaping,"Mesa, AZ",Custom Lawns Az,(480) 432-7905,1432 W Emerald Ave,"Mesa, AZ 85202",,,https://www.yellowpages.com/mesa-az/mip/custom-lawns-az-534672637
landscaping,"Mesa, AZ",Rafa Landscaping,(480) 329-7665,5627 E Fairbrook St,"Mesa, AZ 85205",,,https://www.yellowpages.com/mesa-az/mip/rafa-landscaping-532720579
landscaping,"Mesa, AZ",CP Landscaping,(602) 583-5289,455 S Mesa Dr,"Mesa, AZ 85210",,,https://www.yellowpages.com/mesa-az/mip/cp-landscaping-543158095
landscaping,"Mesa, AZ",Edgars Landscaping,(480) 370-7593,455 S Mesa Dr,"Mesa, AZ 85210",,,https://www.yellowpages.com/mesa-az/mip/edgars-landscaping-543541187
landscaping,"Gilbert, AZ",God's Green Earth,(480) 430-9924,14 S 29th Pl,"Gilbert, AZ 85296",,,https://www.yellowpages.com/gilbert-az/mip/gods-green-earth-482127527
landscaping,"Gilbert, AZ",MJ's Lawn Care,(480) 462-5401,137 E Elliot road Unit 1142,"Gilbert, AZ 85299",,,https://www.yellowpages.com/gilbert-az/mip/mjs-lawn-care-540757096
landscaping,"Gilbert, AZ",Eduardo Barrera,(480) 388-7860,4313 E Harvard Ave,"Gilbert, AZ 85234",,,https://www.yellowpages.com/gilbert-az/mip/eduardo-barrera-547038449
landscaping,"Gilbert, AZ",Juan L & C - Gilbert,(480) 631-7891,,"Gilbert, AZ 85298",,,https://www.yellowpages.com/gilbert-az/mip/juan-l-c-gilbert-559111719
landscaping,"Chandler, AZ",Beto Landscaping LLC,(480) 870-2687,,"Chandler, AZ 85225",,,https://www.yellowpages.com/chandler-az/mip/beto-landscaping-llc-571742569
landscaping,"Chandler, AZ",Art In Stone Creations Inc,(480) 870-9258,,"Mesa, AZ 85201",,,https://www.yellowpages.com/mesa-az/mip/art-in-stone-creations-inc-23288937
landscaping,"Chandler, AZ",Omar Flores Landscaping,(480) 716-1921,,"Mesa, AZ 85210",,,https://www.yellowpages.com/mesa-az/mip/omar-flores-landscaping-562473310
landscaping,"Chandler, AZ",VB Landscaping LLC,(480) 992-9832,,"Mesa, AZ 85208",,,https://www.yellowpages.com/mesa-az/mip/vb-landscaping-llc-567858778
landscaping,"Chandler, AZ",H&H Landscaping Services,(623) 806-0511,,,,,https://www.yellowpages.com/nationwide/mip/h-h-landscaping-services-516342340
landscaping,"Scottsdale, AZ",Desert Art Landscaping Ltd,(480) 991-2424,11618 N 70th Pl,"Scottsdale, AZ 85254",,,https://www.yellowpages.com/scottsdale-az/mip/desert-art-landscaping-ltd-458792864
landscaping,"Phoenix, AZ",Hullaby Landscaping,(602) 489-8866,6138 W Virginia Ave,"Phoenix, AZ 85035",,,https://www.yellowpages.com/phoenix-az/mip/hullaby-landscaping-527132503
landscaping,"Phoenix, AZ",First Impressions Landscape Services,(480) 232-1661,2650 W Union Hills Dr,"Phoenix, AZ 85027",,,https://www.yellowpages.com/phoenix-az/mip/first-impressions-landscape-services-532575669
landscaping,"Phoenix, AZ",Lawnworks LLC,(602) 481-3417,2012 N 56th Ave,"Phoenix, AZ 85035",,,https://www.yellowpages.com/phoenix-az/mip/lawnworks-llc-525862696
landscaping,"Phoenix, AZ",Aces's Quality landscaping,(602) 870-3691,,"Phoenix, AZ 85021",,1,https://www.yellowpages.com/phoenix-az/mip/acess-quality-landscaping-458954028
landscaping,"Tempe, AZ",Royalty Tree and Landscape,(480) 233-7318,,"Tempe, AZ 85281",,1,https://www.yellowpages.com/tempe-az/mip/royalty-tree-and-landscape-509821288
landscaping,"Tempe, AZ",Bio Lawns LLC,(281) 802-5511,4690 S Lakeshore Dr,"Tempe, AZ 85283",,,https://www.yellowpages.com/tempe-az/mip/bio-lawns-llc-548415739
landscaping,"Tempe, AZ",Laird's Lawn Service,(480) 562-0331,122 S Hardy Dr,"Tempe, AZ 85281",,,https://www.yellowpages.com/tempe-az/mip/lairds-lawn-service-544636422
landscaping,"Tempe, AZ",Express Vegetable Gardens,(480) 630-7751,653 S Roosevelt St,"Tempe, AZ 85281",,,https://www.yellowpages.com/tempe-az/mip/express-vegetable-gardens-470090415
landscaping,"Tempe, AZ",Tempe Landscaping,(480) 340-1495,713 E Fairmont Dr,"Tempe, AZ 85282",,,https://www.yellowpages.com/tempe-az/mip/tempe-landscaping-507730578
cabinet makers,"Scottsdale, AZ",Global One Inc,(480) 991-3264,8350 E Evans Rd,"Scottsdale, AZ 85260",,,https://www.yellowpages.com/scottsdale-az/mip/global-one-inc-13679634
house cleaning,"Mesa, AZ",Carpet Plus Repair,(480) 219-3131,,,,11,https://www.yellowpages.com/nationwide/mip/carpet-plus-repair-467471084
house cleaning,"Mesa, AZ",Ana Maria's Cleaning Service,(480) 435-2215,725 W 5th Ave Apt 4,"Mesa, AZ 85210",,,https://www.yellowpages.com/mesa-az/mip/ana-marias-cleaning-service-529547632
house cleaning,"Mesa, AZ",Roar Cleaning Service,(480) 447-9410,345 S Winthrop,"Mesa, AZ 85204",,,https://www.yellowpages.com/mesa-az/mip/roar-cleaning-service-536972986
house cleaning,"Gilbert, AZ",Beyond Image Cleaning,(480) 649-6497,1030 E Fairbrook Cir,"Mesa, AZ 85203",,3,https://www.yellowpages.com/mesa-az/mip/beyond-image-cleaning-255223
house cleaning,"Gilbert, AZ",Dazzle Clean Professional Cleaners,(480) 650-3498,600 W. Ray Rd. Suite B,"Chandler, AZ 85225",,1,https://www.yellowpages.com/chandler-az/mip/dazzle-clean-professional-cleaners-222233
house cleaning,"Chandler, AZ",Desert Sun Carpet/Tile and Janitorial,(602) 821-8797,1961 N Hartford St,"Chandler, AZ 85225",,,https://www.yellowpages.com/chandler-az/mip/desert-sun-carpet-tile-and-janitorial-529628029
house cleaning,"Phoenix, AZ",Sylvias House Cleaning,(602) 446-8471,3702 W Clarendon Ave,"Phoenix, AZ 85019",,1,https://www.yellowpages.com/phoenix-az/mip/sylvias-house-cleaning-450919728
dog grooming,"Mesa, AZ",The Ritz Pet Grooming Parlor,(480) 644-9155,39 S Morris,"Mesa, AZ 85210",,,https://www.yellowpages.com/mesa-az/mip/the-ritz-pet-grooming-parlor-4591704
dog grooming,"Gilbert, AZ",Groomingdales Mobile Pet Spa,(408) 836-6445,,,,,https://www.yellowpages.com/nationwide/mip/groomingdales-mobile-pet-spa-524057938
dog grooming,"Chandler, AZ",Boom-Chicka-Groom-Groom LLC,(602) 616-2960,,"Chandler, AZ 85286",,,https://www.yellowpages.com/chandler-az/mip/boom-chicka-groom-groom-llc-543349387
glass repair,"Mesa, AZ",Highway Glass Company,(480) 318-9507,8865 E Baseline Rd,"Mesa, AZ 85209",,,https://www.yellowpages.com/mesa-az/mip/highway-glass-company-495600784
glass repair,"Mesa, AZ",Arizona 24 Hour Glass & Door Repair,(480) 993-2289,,,,1,https://www.yellowpages.com/nationwide/mip/arizona-24-hour-glass-door-repair-465250393
glass repair,"Mesa, AZ",Performance Window & Door,(480) 558-5240,,,,,https://www.yellowpages.com/nationwide/mip/performance-window-door-22836787
glass repair,"Mesa, AZ",Arizona Glass Company,(480) 969-4527,6139 S Rural Rd,"Tempe, AZ 85283",,,https://www.yellowpages.com/tempe-az/mip/arizona-glass-company-559169228
glass repair,"Mesa, AZ",Top End Glass LLC,(602) 708-9333,1234 S Butte Ln,"Gilbert, AZ 85296",,,https://www.yellowpages.com/gilbert-az/mip/top-end-glass-llc-543068844
glass repair,"Mesa, AZ",Dimension Glass,(480) 755-3488,891 E Warner Rd,"Gilbert, AZ 85296",,,https://www.yellowpages.com/gilbert-az/mip/dimension-glass-4066828
glass repair,"Scottsdale, AZ",Jacks Auto Glass,(480) 619-5472,8666 E San Alberto,"Scottsdale, AZ 85258",,,https://www.yellowpages.com/scottsdale-az/mip/jacks-auto-glass-549127134
glass repair,"Phoenix, AZ",Carothers Brothers Glass,(602) 358-4748,3134 W Lewis Ave,"Phoenix, AZ 85009",,,https://www.yellowpages.com/phoenix-az/mip/carothers-brothers-glass-465475149
tree service,"Mesa, AZ",Treeservicefinder.Com,(480) 888-6770,PO Box 8156,"Mesa, AZ 85214",,,https://www.yellowpages.com/mesa-az/mip/treeservicefinder-com-17931520
tree service,"Mesa, AZ",Huffs Tree & Yard Maitnence,(480) 232-5302,,"Mesa, AZ 85204",,,https://www.yellowpages.com/mesa-az/mip/huffs-tree-yard-maitnence-530245439
tree service,"Mesa, AZ",aaa the tree experts,(480) 354-4715,8615 E Main St,"mesa, AZ 85207",,,https://www.yellowpages.com/mesa-az/mip/aaa-the-tree-experts-465513581
tree service,"Gilbert, AZ",Sherwood Landscape Construction,(480) 899-9097,17725 E San Carlos Way,"Gilbert, AZ 85298",,,https://www.yellowpages.com/gilbert-az/mip/sherwood-landscape-construction-25181970
tree service,"Chandler, AZ",American Tree Service,(480) 671-0920,,"Apache Junction, AZ 85119",,,https://www.yellowpages.com/apache-junction-az/mip/american-tree-service-463478075
pressure washing,"Mesa, AZ",J & M Pressure Washing,(480) 403-1305,455 S Mesa Dr,"Mesa, AZ 85210",,1,https://www.yellowpages.com/mesa-az/mip/j-m-pressure-washing-540608217
pressure washing,"Mesa, AZ",GI Enterprise,(480) 870-0559,551 South Grand,"Mesa, AZ 85210",,,https://www.yellowpages.com/mesa-az/mip/gi-enterprise-571553299
pressure washing,"Mesa, AZ",Under Pressure Exterior Cleaning LLC,(480) 798-6405,,"Mesa, AZ 85202",,,https://www.yellowpages.com/mesa-az/mip/under-pressure-exterior-cleaning-llc-523775668
pressure washing,"Mesa, AZ",M&JPressurewashing,(480) 403-1305,263 S Jesse St,"Chandler, AZ 85225",,,https://www.yellowpages.com/chandler-az/mip/m-jpressurewashing-540659121
pressure washing,"Mesa, AZ",Bins Cleaned Right,(480) 548-9090,PO Box 9086,"Chandler Heights, AZ 85127",,,https://www.yellowpages.com/chandler-heights-az/mip/bins-cleaned-right-525476623
pressure washing,"Mesa, AZ",Environmental Plus Pressure Washing,(480) 626-0754,,,,,https://www.yellowpages.com/nationwide/mip/environmental-plus-pressure-washing-573453438
pressure washing,"Mesa, AZ",STEAMBRITE LLC.,(240) 460-3290,1525 E Southern Ave,"Tempe, AZ 85282",,,https://www.yellowpages.com/tempe-az/mip/steambrite-llc-512116869
pressure washing,"Mesa, AZ",Industries Best LLC. Window Cleaning & Power Washing,(480) 955-6556,,"Gilbert, AZ 85295",,,https://www.yellowpages.com/gilbert-az/mip/industries-best-llc-window-cleaning-power-washing-556295383
pressure washing,"Scottsdale, AZ","Walker Window Cleaning, LLC",(480) 238-4443,8452 E Montebello Ave,"Scottsdale, AZ 85250",,,https://www.yellowpages.com/scottsdale-az/mip/walker-window-cleaning-llc-18204324
pressure washing,"Scottsdale, AZ",Hot Guyz Window Cleaners,(309) 310-5057,3131 N 70th St Apt 3052,"Scottsdale, AZ 85251",,,https://www.yellowpages.com/scottsdale-az/mip/hot-guyz-window-cleaners-12798598
pressure washing,"Scottsdale, AZ",Happy Life Janitorial Services,(480) 856-9206,,"Scottsdale, AZ 85250",,,https://www.yellowpages.com/scottsdale-az/mip/happy-life-janitorial-services-569472860
pressure washing,"Scottsdale, AZ",Pinnacle Pressure Washing,(602) 524-2970,,,,,https://www.yellowpages.com/nationwide/mip/pinnacle-pressure-washing-220855
pressure washing,"Phoenix, AZ","Solar Splash Panel Cleaning, LLC",(480) 992-3005,,"Phoenix, AZ 85041",,,https://www.yellowpages.com/phoenix-az/mip/solar-splash-panel-cleaning-llc-564779686
pressure washing,"Phoenix, AZ",R&H Reliable Painting,(623) 303-3544,,"Phoenix, AZ 85037",,,https://www.yellowpages.com/phoenix-az/mip/r-h-reliable-painting-571717197
pressure washing,"Phoenix, AZ",Perfect Image  Pressure Washing,(623) 229-7723,4041 W Nancy Ln,"Phoenix, AZ 85041",,,https://www.yellowpages.com/phoenix-az/mip/perfect-image-pressure-washing-472307780
painting contractors,"Mesa, AZ",Az Unique House Painting,(480) 453-7292,2647 e Juanita ave,"Mesa, AZ 85204",,1,https://www.yellowpages.com/mesa-az/mip/az-unique-house-painting-531578355
painting contractors,"Mesa, AZ",Metro Valley Group LLC,(623) 200-3679,131 E Hampton Ave,"Mesa, AZ 85210",,,https://www.yellowpages.com/mesa-az/mip/metro-valley-group-llc-546374332
painting contractors,"Mesa, AZ",GYH Painting and Cleaning Service,(602) 854-3869,531 S Lesueur,"Mesa, AZ 85204",,,https://www.yellowpages.com/mesa-az/mip/gyh-painting-and-cleaning-service-570352671
painting contractors,"Mesa, AZ",A Soria Painting,(480) 430-6131,410 E 9th Ave Apt 12,"Mesa, AZ 85204",,,https://www.yellowpages.com/mesa-az/mip/a-soria-painting-544315429
painting contractors,"Mesa, AZ",Portal Paintings,(480) 495-3217,959 E Millett Ave,"Mesa, AZ 85204",,,https://www.yellowpages.com/mesa-az/mip/portal-paintings-468692896
painting contractors,"Mesa, AZ",Vicky's Painting Services,(480) 870-6508,2207 W Main St Lt 24,"Mesa, AZ 85201",,,https://www.yellowpages.com/mesa-az/mip/vickys-painting-services-569762376
painting contractors,"Mesa, AZ",D'Angelo Artisans Faux Painting,(480) 593-2082,1510 W Jacinto Ave,"Mesa, AZ 85202",,,https://www.yellowpages.com/mesa-az/mip/dangelo-artisans-faux-painting-16511548
painting contractors,"Mesa, AZ",Your Mesa Painter - Interior Exterior Painting Contractor,(480) 701-4338,1844 W Obispo Ave,"Mesa, AZ 85202",,,https://www.yellowpages.com/mesa-az/mip/your-mesa-painter-interior-exterior-painting-contractor-567839538
painting contractors,"Mesa, AZ",Cobbs Home Painting,(480) 274-4688,4530 E Harmony Ave,"Mesa, AZ 85206",,,https://www.yellowpages.com/mesa-az/mip/cobbs-home-painting-573458809
painting contractors,"Mesa, AZ",Elysian Painting,(480) 512-9899,1115 E 6th Pl,"Mesa, AZ 85203",,,https://www.yellowpages.com/mesa-az/mip/elysian-painting-530983332
painting contractors,"Mesa, AZ",West Coast Painting and Construction,(480) 827-2151,711 S Drew St,"Mesa, AZ 85210",,,https://www.yellowpages.com/mesa-az/mip/west-coast-painting-and-construction-521227566
painting contractors,"Mesa, AZ",CLC Enterprises,(480) 898-7218,339 E 10th Dr,"Mesa, AZ 85210",,,https://www.yellowpages.com/mesa-az/mip/clc-enterprises-2714674
painting contractors,"Mesa, AZ",Zee's Home Services,(480) 600-8500,265 N Gilbert Rd,"Mesa, AZ 85203",,,https://www.yellowpages.com/mesa-az/mip/zees-home-services-468412184
painting contractors,"Mesa, AZ",Pride General Contracting,(480) 352-5818,1106 N Gilbert Rd # 2-150,"Mesa, AZ 85203",,,https://www.yellowpages.com/mesa-az/mip/pride-general-contracting-531528711
painting contractors,"Mesa, AZ",A & L Painting Contractors,(480) 827-0040,1036 W 8th Ave,"Mesa, AZ 85210",,,https://www.yellowpages.com/mesa-az/mip/a-l-painting-contractors-463653037
painting contractors,"Mesa, AZ",General Painting Services,(602) 541-8049,1545 W 6th Pl,"Mesa, AZ 85201",,,https://www.yellowpages.com/mesa-az/mip/general-painting-services-560990450
painting contractors,"Mesa, AZ",AA Painting,(602) 881-3970,1866 E Farmdale Ave,"Mesa, AZ 85204",,,https://www.yellowpages.com/mesa-az/mip/aa-painting-25092128
painting contractors,"Mesa, AZ",Backlund Painting,(602) 550-1016,1625 N Loma Vista Cir,"Mesa, AZ 85213",,,https://www.yellowpages.com/mesa-az/mip/backlund-painting-15739985
painting contractors,"Gilbert, AZ",Painting By Jerry LLC,(480) 393-6133,,"Apache Junction, AZ 85120",,,https://www.yellowpages.com/apache-junction-az/mip/painting-by-jerry-llc-561264330
painting contractors,"Gilbert, AZ","Straight Line, LLC",(602) 848-0345,,"Mesa, AZ 85201",,,https://www.yellowpages.com/mesa-az/mip/straight-line-llc-567776306
painting contractors,"Gilbert, AZ",Karjodalev Painting Services,(480) 870-6503,,"Mesa, AZ 85208",,,https://www.yellowpages.com/mesa-az/mip/karjodalev-painting-services-569762707
painting contractors,"Gilbert, AZ",Precision Paint Pros LLC,(480) 885-5232,,"Mesa, AZ 85204",,,https://www.yellowpages.com/mesa-az/mip/precision-paint-pros-llc-573189474
painting contractors,"Gilbert, AZ",AZ Fernandez Painting Services LLC,(623) 291-1118,,"Mesa, AZ 85210",,,https://www.yellowpages.com/mesa-az/mip/az-fernandez-painting-services-llc-573432539
painting contractors,"Gilbert, AZ",Peter & Son Painting Company,(480) 227-2508,2505 E Williams Field Rd,"Gilbert, AZ 85295",,,https://www.yellowpages.com/gilbert-az/mip/peter-son-painting-company-523294507
painting contractors,"Gilbert, AZ",Hargrave Painting,(480) 540-6182,4448 E Laurel Ave,"Gilbert, AZ 85234",,,https://www.yellowpages.com/gilbert-az/mip/hargrave-painting-504856821
painting contractors,"Gilbert, AZ",J D M Painting LLC,(480) 258-4703,4141 S Bandit Ct,"Gilbert, AZ 85297",,,https://www.yellowpages.com/gilbert-az/mip/j-d-m-painting-llc-522284756
painting contractors,"Chandler, AZ",John Farnol Painting,(602) 510-9127,864 N Ithica Ct,"Chandler, AZ 85225",,,https://www.yellowpages.com/chandler-az/mip/john-farnol-painting-494037871
painting contractors,"Chandler, AZ",JW Painting Co,(480) 274-5791,617 W Chilton St,"Chandler, AZ 85225",,,https://www.yellowpages.com/chandler-az/mip/jw-painting-co-558369142
painting contractors,"Chandler, AZ",Arizona Faux,(480) 688-1429,3310 S Ambrosia Dr,"Chandler, AZ 85248",,,https://www.yellowpages.com/chandler-az/mip/arizona-faux-215740
painting contractors,"Chandler, AZ",Nippon Paint,(480) 895-1936,105 W Ocotillo Rd,"Chandler, AZ 85248",,,https://www.yellowpages.com/chandler-az/mip/nippon-paint-561700431
painting contractors,"Chandler, AZ","Chino's Painting, Drywall & Stucco",(480) 720-7067,,"Chandler, AZ 85286",,,https://www.yellowpages.com/chandler-az/mip/chinos-painting-drywall-stucco-452280247
painting contractors,"Scottsdale, AZ",The Master Painters,(480) 612-2512,6416 E le Marche Ave,"Scottsdale, AZ 85254",,2,https://www.yellowpages.com/scottsdale-az/mip/the-master-painters-453966921
painting contractors,"Scottsdale, AZ",Rapid Painting LLC,(602) 732-1625,4000 N Kalarama Ave,"Scottsdale, AZ 85251",,,https://www.yellowpages.com/scottsdale-az/mip/rapid-painting-llc-527778039
painting contractors,"Scottsdale, AZ",Best Decorator,(480) 390-2168,2535 N Miller Rd,"Scottsdale, AZ 85257",,,https://www.yellowpages.com/scottsdale-az/mip/best-decorator-22536875
painting contractors,"Scottsdale, AZ",Freshle Painting,(602) 540-6198,3062 N 68th St,"Scottsdale, AZ 85251",,,https://www.yellowpages.com/scottsdale-az/mip/freshle-painting-534181155
painting contractors,"Scottsdale, AZ",Schmidt Decorating Services Inc,(480) 612-2512,11105 N 115th St,"Scottsdale, AZ 85259",,,https://www.yellowpages.com/scottsdale-az/mip/schmidt-decorating-services-inc-459400761
painting contractors,"Scottsdale, AZ",Universal Stucco & Painting,(480) 993-9878,9088 E Pershing Ave,"Scottsdale, AZ 85260",,,https://www.yellowpages.com/scottsdale-az/mip/universal-stucco-painting-468286787
painting contractors,"Scottsdale, AZ",R & R Complete Paint & Maintenance,(480) 306-4258,13901 N 73rd St Ste 204,"Scottsdale, AZ 85260",,,https://www.yellowpages.com/scottsdale-az/mip/r-r-complete-paint-maintenance-17217309
painting contractors,"Scottsdale, AZ",Danforth Enterprises. LLC,(920) 450-4772,13626 N 103rd Way,"Scottsdale, AZ 85260",,,https://www.yellowpages.com/scottsdale-az/mip/danforth-enterprises-llc-526886276
painting contractors,"Scottsdale, AZ",West Pompeii Painting & Fine,(480) 922-3782,8361 E Evans Rd,"Scottsdale, AZ 85260",,,https://www.yellowpages.com/scottsdale-az/mip/west-pompeii-painting-fine-545948688
painting contractors,"Scottsdale, AZ",Garwood Industries Inc,(480) 596-9128,15679 N 83rd Way,"Scottsdale, AZ 85260",,,https://www.yellowpages.com/scottsdale-az/mip/garwood-industries-inc-481443071
painting contractors,"Phoenix, AZ",JMP Painting LLC,(323) 240-1733,5124 N 21st Ave,"Phoenix, AZ 85015",,,https://www.yellowpages.com/phoenix-az/mip/jmp-painting-llc-526101307
painting contractors,"Phoenix, AZ",MASTER PAINTING,(602) 348-2067,3110 N 37th St,"Phoenix, AZ 85018",,,https://www.yellowpages.com/phoenix-az/mip/master-painting-471256192
painting contractors,"Phoenix, AZ",Phoenix Painting Service,(480) 478-1169,328 W Washington St,"Phoenix, AZ 85003",,,https://www.yellowpages.com/phoenix-az/mip/phoenix-painting-service-22178100
painting contractors,"Phoenix, AZ",Hertzog Renovations - Painting & Finishing,(602) 290-8188,7000 N 16th St Ste 129,"Phoenix, AZ 85020",,11,https://www.yellowpages.com/phoenix-az/mip/hertzog-renovations-painting-finishing-468003277
painting contractors,"Phoenix, AZ",Neon Painting,(602) 900-6113,4722 E Bell Rd,"Phoenix, AZ 85032",,2,https://www.yellowpages.com/phoenix-az/mip/neon-painting-531693793
painting contractors,"Phoenix, AZ",J Gorski Custom Painting,(480) 271-3055,,"Phoenix, AZ 85050",,1,https://www.yellowpages.com/phoenix-az/mip/j-gorski-custom-painting-482233146
painting contractors,"Phoenix, AZ",Soto's Painting,(602) 513-9415,601 W Fillmore St,"Phoenix, AZ 85003",,,https://www.yellowpages.com/phoenix-az/mip/sotos-painting-552132819
painting contractors,"Phoenix, AZ",Chromatic Painting,(480) 201-9032,770 E Portland St,"Phoenix, AZ 85006",,,https://www.yellowpages.com/phoenix-az/mip/chromatic-painting-514722559
painting contractors,"Phoenix, AZ",Joseph's Coat Painting,(602) 943-0222,1830 W Glenrosa Ave,"Phoenix, AZ 85015",,,https://www.yellowpages.com/phoenix-az/mip/josephs-coat-painting-530927103
painting contractors,"Phoenix, AZ",Shift Painting Phoenix,(602) 541-4083,4340 E Indian School Rd,"Phoenix, AZ 85018",,,https://www.yellowpages.com/phoenix-az/mip/shift-painting-phoenix-513856625
painting contractors,"Phoenix, AZ",Brit-Tech Master Painters,(602) 697-7311,PO Box 93502,"Phoenix, AZ 85070",,,https://www.yellowpages.com/phoenix-az/mip/brit-tech-master-painters-208011
painting contractors,"Phoenix, AZ",Holmes Renovations,(480) 280-8023,3846 W Malapai Dr,"Phoenix, AZ 85051",,,https://www.yellowpages.com/phoenix-az/mip/holmes-renovations-545632793
painting contractors,"Tempe, AZ",Koted Custom Finishings,(480) 359-7734,2010 E University Dr,"Tempe, AZ 85288",,,https://www.yellowpages.com/tempe-az/mip/koted-custom-finishings-579842966
painting contractors,"Tempe, AZ",Mass Productions,(480) 442-8534,3116 S Mill Ave,"Tempe, AZ 85282",,,https://www.yellowpages.com/tempe-az/mip/mass-productions-531695273
painting contractors,"Tempe, AZ",Fun2See Face Painting,(480) 797-2867,1987 E Pegasus Dr,"Tempe, AZ 85283",,,https://www.yellowpages.com/tempe-az/mip/fun2see-face-painting-461120476
painting contractors,"Tempe, AZ",Mandujano Painter,(623) 216-2198,2015 E University Dr,"Tempe, AZ 85281",,,https://www.yellowpages.com/tempe-az/mip/mandujano-painter-509560346
painting contractors,"Tempe, AZ",Legend Home Improvement,(480) 369-2924,,"Tempe, AZ 85284",,,https://www.yellowpages.com/tempe-az/mip/legend-home-improvement-531032219
painting contractors,"Tempe, AZ",Blue Sky Painting,(480) 664-2423,2743 E Virginia St,"Gilbert, AZ 85296",,1,https://www.yellowpages.com/gilbert-az/mip/blue-sky-painting-22835317
fence contractors,"Mesa, AZ",US Pool Fence Co,(480) 491-8511,,"Mesa, AZ 85202",,,https://www.yellowpages.com/mesa-az/mip/us-pool-fence-co-18302074
fence contractors,"Mesa, AZ",TNP Gates,(480) 332-2106,624 N Alma School Rd,"Mesa, AZ 85201",,1,https://www.yellowpages.com/mesa-az/mip/tnp-gates-468442293
fence contractors,"Mesa, AZ",Humble Fence CO. LLC,(928) 234-6267,4723 E Olney Ave,"Gilbert, AZ 85234",,,https://www.yellowpages.com/gilbert-az/mip/humble-fence-co-llc-536544460
fence contractors,"Mesa, AZ",Faulkner Fence Inc,(480) 821-4414,2222 W Musket Pl,"Chandler, AZ 85286",,,https://www.yellowpages.com/chandler-az/mip/faulkner-fence-inc-16744170
fence contractors,"Chandler, AZ",San Tan Valley  Fence & Gates,(480) 495-3046,298 W Dana Dr,"San Tan Valley, AZ 85143",,,https://www.yellowpages.com/san-tan-valley-az/mip/san-tan-valley-fence-gates-505305044
fence contractors,"Scottsdale, AZ",Juarez Moore Block Fence Co,(602) 272-5100,816 S 28th Ave,"Phoenix, AZ 85009",,,https://www.yellowpages.com/phoenix-az/mip/juarez-moore-block-fence-co-12444687
fence contractors,"Scottsdale, AZ",Cactus Fence,(602) 386-0279,1411 N 31st Pl,"Phoenix, AZ 85008",,,https://www.yellowpages.com/phoenix-az/mip/cactus-fence-520889043
fence contractors,"Scottsdale, AZ",Knyte Industries,(602) 481-6910,2224 W Desert Cove Ave Ste 204,"Phoenix, AZ 85029",,,https://www.yellowpages.com/phoenix-az/mip/knyte-industries-458029007
fence contractors,"Phoenix, AZ",Phoenix Fence AZ,(480) 740-4498,428 E Thunderbird Rd # 614,"Phoenix, AZ 85022",,,https://www.yellowpages.com/phoenix-az/mip/phoenix-fence-az-529637887
concrete contractors,"Mesa, AZ",Best Floor Coatings,(602) 330-6857,2259 E Calypso Ave,"Mesa, AZ 85204",,,https://www.yellowpages.com/mesa-az/mip/best-floor-coatings-501895660
concrete contractors,"Phoenix, AZ",Baker Concrete Construction Inc,(480) 838-4230,45 W Jefferson St,"Phoenix, AZ 85003",,,https://www.yellowpages.com/phoenix-az/mip/baker-concrete-construction-inc-527632207
handyman,"Mesa, AZ",Parker and Parker Handy Man Services LLC,(480) 847-3093,,"Chandler, AZ 85248",,,https://www.yellowpages.com/chandler-az/mip/parker-and-parker-handy-man-services-llc-567217895
handyman,"Chandler, AZ",Honey Do's By Denny,(480) 231-3391,2910 N Evergreen St,"Chandler, AZ 85225",,,https://www.yellowpages.com/chandler-az/mip/honey-dos-by-denny-25119292
handyman,"Scottsdale, AZ",Jerry's Handyman Service,(602) 615-4332,11906 E Becker Ln,"Scottsdale, AZ 85259",,,https://www.yellowpages.com/scottsdale-az/mip/jerrys-handyman-service-25180301
handyman,"Scottsdale, AZ",Always Handy LLC,(602) 733-4726,5902 E Hearn Rd,"Scottsdale, AZ 85254",,,https://www.yellowpages.com/scottsdale-az/mip/always-handy-llc-530608753
pool service,"Mesa, AZ",Clear Image Pool & Home Restoration Services,(602) 810-5963,PO Box 50791,"Mesa, AZ 85208",,,https://www.yellowpages.com/mesa-az/mip/clear-image-pool-home-restoration-services-522841168
pool service,"Mesa, AZ",Sullivans,(480) 374-9756,455 S Mesa Dr,"Mesa, AZ 85210",,,https://www.yellowpages.com/mesa-az/mip/sullivans-538256022
pool service,"Scottsdale, AZ",Craw Daddy Pool,(480) 656-3858,7830 E Redfield Rd,"Scottsdale, AZ 85260",,,https://www.yellowpages.com/scottsdale-az/mip/craw-daddy-pool-509797735
pool service,"Phoenix, AZ",Discount Pool Service Phoenix,(602) 334-3547,2625 E Greenway Pkwy,"Phoenix, AZ 85032",,,https://www.yellowpages.com/phoenix-az/mip/discount-pool-service-phoenix-480740850
pool service,"Phoenix, AZ",Desert Mesa Pool Service LLC,(480) 278-9098,2635 E Cholla St,"Phoenix, AZ 85028",,,https://www.yellowpages.com/phoenix-az/mip/desert-mesa-pool-service-llc-474984651
pool service,"Tempe, AZ",Zach's Pool Service,(480) 244-0579,505 W Baseline Rd,"Tempe, AZ 85283",,,https://www.yellowpages.com/tempe-az/mip/zachs-pool-service-531444247
pool service,"Tempe, AZ",Cosmo's Pool Service LLC,(480) 430-6304,2721 N Forest Ave,"Tempe, AZ 85281",,,https://www.yellowpages.com/tempe-az/mip/cosmos-pool-service-llc-536161636
hvac,"Gilbert, AZ",Jamar Heating & Cooling,(480) 497-3988,327 S Tiago Dr,"Gilbert, AZ 85233",,,https://www.yellowpages.com/gilbert-az/mip/jamar-heating-cooling-54489
hvac,"Chandler, AZ",Tri City Mechanical,(480) 940-8400,6875 W Galveston St,"Chandler, AZ 85226",,,https://www.yellowpages.com/chandler-az/mip/tri-city-mechanical-461576502
hvac,"Scottsdale, AZ",Mechanical Air Design,(480) 483-9622,7735 E Gelding Dr Ste 1,"Scottsdale, AZ 85260",,,https://www.yellowpages.com/scottsdale-az/mip/mechanical-air-design-13158595
hvac,"Phoenix, AZ",Thermocool A/C Heating & Refrig,(602) 885-5199,1537 W Ocotillo Rd,"Phoenix, AZ 85015",,1,https://www.yellowpages.com/phoenix-az/mip/thermocool-a-c-heating-refrig-22457775
hvac,"Phoenix, AZ",HVAC in Phoenix AZ Services,(602) 753-6230,9830 N 19th Ave,"Phoenix, AZ 85021",,,https://www.yellowpages.com/phoenix-az/mip/hvac-in-phoenix-az-services-470430285
hvac,"Tempe, AZ",Air Exchange Family A/C & Heating,(480) 246-5603,1437 E Chilton Dr,"Tempe, AZ 85283",,,https://www.yellowpages.com/tempe-az/mip/air-exchange-family-a-c-heating-514113011
